-- phpMyAdmin SQL Dump
-- version 5.2.1
-- https://www.phpmyadmin.net/
--
-- Host: 127.0.0.1
-- Generation Time: Jun 23, 2026 at 09:40 PM
-- Server version: 10.4.32-MariaDB
-- PHP Version: 8.2.12

SET SQL_MODE = "NO_AUTO_VALUE_ON_ZERO";
START TRANSACTION;
SET time_zone = "+00:00";


/*!40101 SET @OLD_CHARACTER_SET_CLIENT=@@CHARACTER_SET_CLIENT */;
/*!40101 SET @OLD_CHARACTER_SET_RESULTS=@@CHARACTER_SET_RESULTS */;
/*!40101 SET @OLD_COLLATION_CONNECTION=@@COLLATION_CONNECTION */;
/*!40101 SET NAMES utf8mb4 */;

--
-- Database: `ecosmart`
--

-- --------------------------------------------------------

--
-- Table structure for table `alerts`
--

CREATE TABLE `alerts` (
  `id` bigint(20) UNSIGNED NOT NULL,
  `user_id` bigint(20) UNSIGNED NOT NULL,
  `device_id` bigint(20) UNSIGNED DEFAULT NULL,
  `type` varchar(255) NOT NULL,
  `message` text NOT NULL,
  `severity` enum('low','medium','high','critical') NOT NULL DEFAULT 'low',
  `is_read` tinyint(1) NOT NULL DEFAULT 0,
  `is_resolved` tinyint(1) NOT NULL DEFAULT 0,
  `resolved_at` timestamp NULL DEFAULT NULL,
  `created_at` timestamp NULL DEFAULT NULL,
  `updated_at` timestamp NULL DEFAULT NULL
) ENGINE=InnoDB DEFAULT CHARSET=utf8mb4 COLLATE=utf8mb4_unicode_ci;

--
-- Dumping data for table `alerts`
--

INSERT INTO `alerts` (`id`, `user_id`, `device_id`, `type`, `message`, `severity`, `is_read`, `is_resolved`, `resolved_at`, `created_at`, `updated_at`) VALUES
(1, 1, 1, 'high_consumption', 'High energy usage detected at peak hour', 'high', 0, 0, NULL, '2026-06-18 06:05:03', '2026-06-18 06:05:03'),
(2, 1, 1, 'device_offline', 'Device went offline unexpectedly', 'medium', 0, 0, NULL, '2026-06-18 04:05:03', '2026-06-18 06:05:03'),
(3, 1, 1, 'low_battery', 'Device battery is below 15%', 'low', 0, 0, NULL, '2026-06-18 01:05:03', '2026-06-18 06:05:03'),
(4, 1, 1, 'system_error', 'System error: Connection timeout', 'critical', 0, 0, NULL, '2026-06-17 06:05:03', '2026-06-18 06:05:03'),
(5, 1, 1, 'backup_complete', 'Daily backup completed successfully', 'low', 0, 0, NULL, '2026-06-16 06:05:03', '2026-06-18 06:05:03'),
(6, 1, 7, 'device_offline', 'Alert for device Smart Lights: High energy usage detected', 'medium', 0, 0, NULL, '2026-06-17 23:14:58', '2026-06-18 06:14:58'),
(7, 1, 8, 'device_offline', 'Alert for device Coffee Maker: High energy usage detected', 'medium', 0, 0, NULL, '2026-06-18 05:14:58', '2026-06-18 06:14:58'),
(8, 1, 9, 'high_consumption', 'Alert for device Washing Machine: Device went offline', 'high', 0, 0, NULL, '2026-06-18 03:14:58', '2026-06-18 06:14:58'),
(9, 1, 2, 'high_consumption', 'Alert for device Smart Fridge: Device went offline', 'high', 0, 0, NULL, '2026-06-18 03:18:00', '2026-06-18 06:18:00'),
(10, 1, 3, 'high_consumption', 'Alert for device Smart TV: High energy usage detected', 'medium', 0, 0, NULL, '2026-06-18 03:18:00', '2026-06-18 06:18:00'),
(11, 1, 4, 'high_consumption', 'Alert for device Smart Lights: High energy usage detected', 'high', 0, 0, NULL, '2026-06-17 08:18:00', '2026-06-18 06:18:00'),
(12, 1, 5, 'high_consumption', 'Alert for device Coffee Maker: Device went offline', 'high', 0, 0, NULL, '2026-06-17 12:18:00', '2026-06-18 06:18:00'),
(13, 1, 6, 'device_offline', 'Alert for device Washing Machine: Device went offline', 'high', 0, 0, NULL, '2026-06-17 12:18:00', '2026-06-18 06:18:00');

-- --------------------------------------------------------

--
-- Table structure for table `appliances`
--

CREATE TABLE `appliances` (
  `id` bigint(20) UNSIGNED NOT NULL,
  `user_id` bigint(20) UNSIGNED NOT NULL,
  `device_id` bigint(20) UNSIGNED DEFAULT NULL,
  `name` varchar(255) NOT NULL,
  `category` varchar(255) DEFAULT NULL,
  `daily_kwh` decimal(10,2) NOT NULL,
  `runtime_hours` decimal(10,2) NOT NULL,
  `monthly_cost` decimal(10,2) NOT NULL,
  `percentage` decimal(5,2) NOT NULL DEFAULT 0.00,
  `created_at` timestamp NULL DEFAULT NULL,
  `updated_at` timestamp NULL DEFAULT NULL
) ENGINE=InnoDB DEFAULT CHARSET=utf8mb4 COLLATE=utf8mb4_general_ci;

--
-- Dumping data for table `appliances`
--

INSERT INTO `appliances` (`id`, `user_id`, `device_id`, `name`, `category`, `daily_kwh`, `runtime_hours`, `monthly_cost`, `percentage`, `created_at`, `updated_at`) VALUES
(1, 1, 1, 'Smart AC', 'climate', 17.20, 9.20, 2.29, 72.00, '2026-06-17 14:43:28', '2026-06-17 14:43:28'),
(2, 1, 2, 'Smart Fridge', 'appliances', 11.40, 24.00, 1.52, 48.00, '2026-06-17 14:43:28', '2026-06-17 14:43:28'),
(3, 1, 4, 'Smart Lights', 'lighting', 7.40, 7.50, 0.99, 31.00, '2026-06-17 14:43:28', '2026-06-17 14:43:28'),
(4, 1, 6, 'Washer', 'appliances', 4.30, 1.50, 0.57, 18.00, '2026-06-17 14:43:28', '2026-06-17 14:43:28'),
(5, 1, 3, 'Other Devices', 'other', 2.60, 0.00, 0.35, 11.00, '2026-06-17 14:43:28', '2026-06-17 14:43:28'),
(6, 1, 7, 'Smart Lights', 'lighting', 12.00, 1.00, 1.50, 10.00, '2026-06-18 06:14:46', '2026-06-18 06:14:46'),
(7, 1, 8, 'Coffee Maker', 'appliances', 6.00, 8.00, 2.25, 19.00, '2026-06-18 06:14:46', '2026-06-18 06:14:46'),
(8, 1, 9, 'Washing Machine', 'appliances', 20.00, 4.00, 2.55, 31.00, '2026-06-18 06:14:46', '2026-06-18 06:14:46'),
(9, 1, 7, 'Smart Bulb', 'lighting', 7.00, 4.00, 2.10, 11.00, '2026-06-18 06:28:21', '2026-06-18 06:28:21'),
(10, 1, 8, 'Smart Kettle', 'appliances', 18.00, 7.00, 1.80, 30.00, '2026-06-18 06:28:21', '2026-06-18 06:28:21'),
(11, 1, 9, 'Smart Dryer', 'appliances', 6.00, 10.00, 2.10, 20.00, '2026-06-18 06:28:21', '2026-06-18 06:28:21');

-- --------------------------------------------------------

--
-- Table structure for table `cache`
--

CREATE TABLE `cache` (
  `key` varchar(255) NOT NULL,
  `value` mediumtext NOT NULL,
  `expiration` int(11) NOT NULL
) ENGINE=InnoDB DEFAULT CHARSET=utf8mb4 COLLATE=utf8mb4_unicode_ci;

-- --------------------------------------------------------

--
-- Table structure for table `cache_locks`
--

CREATE TABLE `cache_locks` (
  `key` varchar(255) NOT NULL,
  `owner` varchar(255) NOT NULL,
  `expiration` int(11) NOT NULL
) ENGINE=InnoDB DEFAULT CHARSET=utf8mb4 COLLATE=utf8mb4_unicode_ci;

--
-- Dumping data for table `cache_locks`
--

INSERT INTO `cache_locks` (`key`, `owner`, `expiration`) VALUES
('lock_key_1', 'owner_1', 1781766448),
('lock_key_2', 'owner_2', 1781766448),
('lock_key_3', 'owner_3', 1781766448),
('lock_key_4', 'owner_4', 1781766448),
('lock_key_5', 'owner_5', 1781766448);

-- --------------------------------------------------------

--
-- Table structure for table `daily_usage`
--

CREATE TABLE `daily_usage` (
  `id` bigint(20) UNSIGNED NOT NULL,
  `user_id` bigint(20) UNSIGNED NOT NULL,
  `usage_date` date NOT NULL,
  `kwh` decimal(10,2) NOT NULL DEFAULT 0.00,
  `cost` decimal(10,2) NOT NULL DEFAULT 0.00,
  `created_at` timestamp NULL DEFAULT NULL,
  `updated_at` timestamp NULL DEFAULT NULL
) ENGINE=InnoDB DEFAULT CHARSET=utf8mb4 COLLATE=utf8mb4_unicode_ci;

--
-- Dumping data for table `daily_usage`
--

INSERT INTO `daily_usage` (`id`, `user_id`, `usage_date`, `kwh`, `cost`, `created_at`, `updated_at`) VALUES
(1, 1, '2026-06-18', 16.00, 6.45, '2026-06-18 05:51:02', '2026-06-18 05:51:02'),
(2, 1, '2026-06-17', 34.00, 3.90, '2026-06-18 05:51:02', '2026-06-18 05:51:02'),
(3, 1, '2026-06-16', 42.00, 4.05, '2026-06-18 05:51:02', '2026-06-18 05:51:02'),
(4, 1, '2026-06-15', 24.00, 4.05, '2026-06-18 05:51:02', '2026-06-18 05:51:02'),
(5, 1, '2026-06-14', 17.00, 3.30, '2026-06-18 05:51:02', '2026-06-18 05:51:02'),
(6, 1, '2026-06-13', 42.00, 5.70, '2026-06-18 05:51:02', '2026-06-18 05:51:02'),
(7, 1, '2026-06-12', 21.00, 5.70, '2026-06-18 05:51:02', '2026-06-18 05:51:02'),
(8, 1, '2026-06-11', 23.00, 2.25, '2026-06-18 05:51:02', '2026-06-18 05:51:02'),
(9, 1, '2026-06-10', 23.00, 3.45, '2026-06-18 05:51:02', '2026-06-18 05:51:02'),
(10, 1, '2026-06-09', 32.00, 2.70, '2026-06-18 05:51:02', '2026-06-18 05:51:02'),
(11, 1, '2026-06-08', 38.00, 4.50, '2026-06-18 05:51:02', '2026-06-18 05:51:02'),
(12, 1, '2026-06-07', 25.00, 2.85, '2026-06-18 05:51:02', '2026-06-18 05:51:02'),
(13, 1, '2026-06-06', 36.00, 2.85, '2026-06-18 05:51:02', '2026-06-18 05:51:02'),
(14, 1, '2026-06-05', 31.00, 3.90, '2026-06-18 05:51:02', '2026-06-18 05:51:02'),
(15, 1, '2026-06-04', 20.00, 5.85, '2026-06-18 05:51:02', '2026-06-18 05:51:02'),
(16, 1, '2026-06-03', 31.00, 3.75, '2026-06-18 05:51:02', '2026-06-18 05:51:02'),
(17, 1, '2026-06-02', 44.00, 6.30, '2026-06-18 05:51:02', '2026-06-18 05:51:02'),
(18, 1, '2026-06-01', 33.00, 3.90, '2026-06-18 05:51:02', '2026-06-18 05:51:02'),
(19, 1, '2026-05-31', 16.00, 2.70, '2026-06-18 05:51:02', '2026-06-18 05:51:02'),
(20, 1, '2026-05-30', 27.00, 5.40, '2026-06-18 05:51:02', '2026-06-18 05:51:02'),
(21, 1, '2026-05-29', 23.00, 3.45, '2026-06-18 05:51:02', '2026-06-18 05:51:02'),
(22, 1, '2026-05-28', 32.00, 2.55, '2026-06-18 05:51:02', '2026-06-18 05:51:02'),
(23, 1, '2026-05-27', 35.00, 2.55, '2026-06-18 05:51:02', '2026-06-18 05:51:02'),
(24, 1, '2026-05-26', 29.00, 2.40, '2026-06-18 05:51:02', '2026-06-18 05:51:02'),
(25, 1, '2026-05-25', 40.00, 2.40, '2026-06-18 05:51:02', '2026-06-18 05:51:02'),
(26, 1, '2026-05-24', 37.00, 4.95, '2026-06-18 05:51:02', '2026-06-18 05:51:02'),
(27, 1, '2026-05-23', 41.00, 4.20, '2026-06-18 05:51:02', '2026-06-18 05:51:02'),
(28, 1, '2026-05-22', 34.00, 6.15, '2026-06-18 05:51:02', '2026-06-18 05:51:02'),
(29, 1, '2026-05-21', 28.00, 5.25, '2026-06-18 05:51:02', '2026-06-18 05:51:02'),
(30, 1, '2026-05-20', 15.00, 2.25, '2026-06-18 05:51:02', '2026-06-18 05:51:02'),
(32, 1, '2026-06-18', 32.00, 3.60, '2026-06-18 05:55:07', '2026-06-18 05:55:07'),
(33, 1, '2026-06-17', 41.00, 4.35, '2026-06-18 05:55:07', '2026-06-18 05:55:07'),
(34, 1, '2026-06-16', 35.00, 2.40, '2026-06-18 05:55:07', '2026-06-18 05:55:07'),
(35, 1, '2026-06-15', 21.00, 6.30, '2026-06-18 05:55:07', '2026-06-18 05:55:07'),
(36, 1, '2026-06-14', 42.00, 6.00, '2026-06-18 05:55:07', '2026-06-18 05:55:07'),
(37, 1, '2026-06-13', 28.00, 5.10, '2026-06-18 05:55:07', '2026-06-18 05:55:07'),
(38, 1, '2026-06-12', 15.00, 2.70, '2026-06-18 05:55:07', '2026-06-18 05:55:07'),
(39, 1, '2026-06-11', 30.00, 3.45, '2026-06-18 05:55:07', '2026-06-18 05:55:07'),
(40, 1, '2026-06-10', 40.00, 4.05, '2026-06-18 05:55:07', '2026-06-18 05:55:07'),
(41, 1, '2026-06-09', 29.00, 3.00, '2026-06-18 05:55:07', '2026-06-18 05:55:07'),
(42, 1, '2026-06-08', 28.00, 5.55, '2026-06-18 05:55:07', '2026-06-18 05:55:07'),
(43, 1, '2026-06-07', 24.00, 3.75, '2026-06-18 05:55:07', '2026-06-18 05:55:07'),
(44, 1, '2026-06-06', 38.00, 6.45, '2026-06-18 05:55:07', '2026-06-18 05:55:07'),
(45, 1, '2026-06-05', 26.00, 2.70, '2026-06-18 05:55:07', '2026-06-18 05:55:07'),
(46, 1, '2026-06-04', 26.00, 4.80, '2026-06-18 05:55:07', '2026-06-18 05:55:07'),
(47, 1, '2026-06-03', 39.00, 3.45, '2026-06-18 05:55:07', '2026-06-18 05:55:07'),
(48, 1, '2026-06-02', 44.00, 2.25, '2026-06-18 05:55:07', '2026-06-18 05:55:07'),
(49, 1, '2026-06-01', 21.00, 2.25, '2026-06-18 05:55:07', '2026-06-18 05:55:07'),
(50, 1, '2026-05-31', 25.00, 5.70, '2026-06-18 05:55:07', '2026-06-18 05:55:07'),
(51, 1, '2026-05-30', 40.00, 6.00, '2026-06-18 05:55:07', '2026-06-18 05:55:07'),
(52, 1, '2026-05-29', 35.00, 6.00, '2026-06-18 05:55:07', '2026-06-18 05:55:07'),
(53, 1, '2026-05-28', 23.00, 6.15, '2026-06-18 05:55:07', '2026-06-18 05:55:07'),
(54, 1, '2026-05-27', 32.00, 3.15, '2026-06-18 05:55:07', '2026-06-18 05:55:07'),
(55, 1, '2026-05-26', 26.00, 3.60, '2026-06-18 05:55:07', '2026-06-18 05:55:07'),
(56, 1, '2026-05-25', 25.00, 5.55, '2026-06-18 05:55:07', '2026-06-18 05:55:07'),
(57, 1, '2026-05-24', 39.00, 5.55, '2026-06-18 05:55:07', '2026-06-18 05:55:07'),
(58, 1, '2026-05-23', 25.00, 4.35, '2026-06-18 05:55:07', '2026-06-18 05:55:07'),
(59, 1, '2026-05-22', 25.00, 3.75, '2026-06-18 05:55:07', '2026-06-18 05:55:07'),
(60, 1, '2026-05-21', 33.00, 2.40, '2026-06-18 05:55:07', '2026-06-18 05:55:07'),
(61, 1, '2026-05-20', 29.00, 3.00, '2026-06-18 05:55:07', '2026-06-18 05:55:07');

-- --------------------------------------------------------

--
-- Table structure for table `devices`
--

CREATE TABLE `devices` (
  `id` bigint(20) UNSIGNED NOT NULL,
  `user_id` bigint(20) UNSIGNED NOT NULL,
  `name` varchar(255) NOT NULL,
  `category` varchar(255) DEFAULT NULL,
  `location` varchar(255) DEFAULT NULL,
  `status` enum('online','offline','warning') NOT NULL DEFAULT 'offline',
  `is_on` tinyint(1) NOT NULL DEFAULT 0,
  `meta_key` varchar(255) DEFAULT NULL,
  `meta_value` varchar(255) DEFAULT NULL,
  `meta_unit` varchar(255) DEFAULT NULL,
  `last_seen` timestamp NULL DEFAULT NULL,
  `created_at` timestamp NULL DEFAULT NULL,
  `updated_at` timestamp NULL DEFAULT NULL,
  `deleted_at` timestamp NULL DEFAULT NULL
) ENGINE=InnoDB DEFAULT CHARSET=utf8mb4 COLLATE=utf8mb4_unicode_ci;

--
-- Dumping data for table `devices`
--

INSERT INTO `devices` (`id`, `user_id`, `name`, `category`, `location`, `status`, `is_on`, `meta_key`, `meta_value`, `meta_unit`, `last_seen`, `created_at`, `updated_at`, `deleted_at`) VALUES
(1, 1, 'Smart AC', 'climate', 'Living Room', 'online', 1, NULL, NULL, NULL, NULL, '2026-06-18 06:01:52', '2026-06-18 06:01:52', NULL),
(2, 1, 'Smart Fridge', 'appliances', 'Kitchen', 'online', 1, NULL, NULL, NULL, NULL, '2026-06-18 06:01:52', '2026-06-18 06:01:52', NULL),
(3, 1, 'Smart TV', 'entertainment', 'Living Room', 'online', 1, NULL, NULL, NULL, NULL, '2026-06-18 06:01:52', '2026-06-18 06:01:52', NULL),
(4, 1, 'Smart Lights', 'lighting', 'Bedroom', 'offline', 0, NULL, NULL, NULL, NULL, '2026-06-18 06:12:33', '2026-06-18 06:12:33', NULL),
(5, 1, 'Coffee Maker', 'appliances', 'Kitchen', 'offline', 0, NULL, NULL, NULL, NULL, '2026-06-18 06:12:33', '2026-06-18 06:12:33', NULL),
(6, 1, 'Washing Machine', 'appliances', 'Laundry', 'online', 1, NULL, NULL, NULL, NULL, '2026-06-18 06:12:33', '2026-06-18 06:12:33', NULL),
(7, 1, 'Smart Bulb', 'lighting', 'Bedroom', 'offline', 0, NULL, NULL, NULL, NULL, '2026-06-18 06:12:47', '2026-06-18 06:12:47', NULL),
(8, 1, 'Smart Kettle', 'appliances', 'Kitchen', 'offline', 0, NULL, NULL, NULL, NULL, '2026-06-18 06:12:47', '2026-06-18 06:12:47', NULL),
(9, 1, 'Smart Dryer', 'appliances', 'Laundry', 'online', 1, NULL, NULL, NULL, NULL, '2026-06-18 06:12:47', '2026-06-18 06:12:47', NULL);

-- --------------------------------------------------------

--
-- Table structure for table `device_logs`
--

CREATE TABLE `device_logs` (
  `id` bigint(20) UNSIGNED NOT NULL,
  `device_id` bigint(20) UNSIGNED NOT NULL,
  `action` varchar(255) NOT NULL,
  `source` varchar(255) DEFAULT NULL,
  `details` text DEFAULT NULL,
  `metadata` longtext CHARACTER SET utf8mb4 COLLATE utf8mb4_bin DEFAULT NULL CHECK (json_valid(`metadata`)),
  `ip_address` varchar(45) DEFAULT NULL,
  `user_agent` text DEFAULT NULL,
  `created_at` timestamp NULL DEFAULT NULL,
  `updated_at` timestamp NULL DEFAULT NULL
) ENGINE=InnoDB DEFAULT CHARSET=utf8mb4 COLLATE=utf8mb4_general_ci;

--
-- Dumping data for table `device_logs`
--

INSERT INTO `device_logs` (`id`, `device_id`, `action`, `source`, `details`, `metadata`, `ip_address`, `user_agent`, `created_at`, `updated_at`) VALUES
(1, 1, 'turn_on', 'manual', 'Device turned on manually', NULL, '127.0.0.1', 'Mozilla/5.0', '2026-06-18 06:08:43', '2026-06-18 06:08:43'),
(2, 1, 'turn_off', 'manual', 'Device turned off manually', NULL, '127.0.0.1', 'Mozilla/5.0', '2026-06-18 05:08:43', '2026-06-18 06:08:43'),
(3, 1, 'status_change', 'auto', 'Status changed to online', NULL, '127.0.0.1', 'Mozilla/5.0', '2026-06-18 00:08:43', '2026-06-18 06:08:43'),
(4, 1, 'error', 'system', 'Connection timeout error', NULL, '127.0.0.1', 'Mozilla/5.0', '2026-06-17 22:08:43', '2026-06-18 06:08:43'),
(5, 7, 'turn_off', 'api', 'Device Smart Lights action at 2026-06-18 09:14:32', NULL, '127.0.0.1', 'Mozilla/5.0', '2026-06-17 21:33:32', '2026-06-18 06:14:32'),
(6, 8, 'turn_off', 'api', 'Device Coffee Maker action at 2026-06-18 09:14:32', NULL, '127.0.0.1', 'Mozilla/5.0', '2026-06-15 18:39:32', '2026-06-18 06:14:32'),
(7, 9, 'turn_on', 'api', 'Device Washing Machine action at 2026-06-18 09:14:32', NULL, '127.0.0.1', 'Mozilla/5.0', '2026-06-15 09:40:32', '2026-06-18 06:14:32'),
(8, 2, 'turn_off', 'auto', 'Device Smart Fridge action at 2026-06-18 09:17:31', NULL, '127.0.0.1', 'Mozilla/5.0', '2026-06-17 23:38:31', '2026-06-18 06:17:31'),
(9, 3, 'turn_on', 'api', 'Device Smart TV action at 2026-06-18 09:17:31', NULL, '127.0.0.1', 'Mozilla/5.0', '2026-06-15 12:13:31', '2026-06-18 06:17:31'),
(10, 4, 'turn_on', 'api', 'Device Smart Lights action at 2026-06-18 09:17:31', NULL, '127.0.0.1', 'Mozilla/5.0', '2026-06-15 11:35:31', '2026-06-18 06:17:31'),
(11, 5, 'turn_off', 'api', 'Device Coffee Maker action at 2026-06-18 09:17:31', NULL, '127.0.0.1', 'Mozilla/5.0', '2026-06-17 05:14:31', '2026-06-18 06:17:31'),
(12, 6, 'turn_on', 'api', 'Device Washing Machine action at 2026-06-18 09:17:31', NULL, '127.0.0.1', 'Mozilla/5.0', '2026-06-15 19:04:31', '2026-06-18 06:17:31'),
(13, 3, 'turn_off', 'api', 'Device Smart TV turned off', NULL, '127.0.0.1', 'Mozilla/5.0', '2026-06-18 05:37:05', '2026-06-18 06:37:05'),
(14, 4, 'turn_off', 'auto', 'Device Smart Lights turned off', NULL, '127.0.0.1', 'Mozilla/5.0', '2026-06-18 03:37:05', '2026-06-18 06:37:05'),
(15, 5, 'turn_on', 'api', 'Device Coffee Maker turned on', NULL, '127.0.0.1', 'Mozilla/5.0', '2026-06-18 02:37:05', '2026-06-18 06:37:05'),
(16, 6, 'turn_off', 'auto', 'Device Washing Machine turned off', NULL, '127.0.0.1', 'Mozilla/5.0', '2026-06-18 04:37:05', '2026-06-18 06:37:05'),
(17, 7, 'turn_on', 'api', 'Device Smart Lights turned on', NULL, '127.0.0.1', 'Mozilla/5.0', '2026-06-18 01:37:05', '2026-06-18 06:37:05'),
(18, 8, 'turn_on', 'auto', 'Device Coffee Maker turned on', NULL, '127.0.0.1', 'Mozilla/5.0', '2026-06-18 00:37:05', '2026-06-18 06:37:05'),
(19, 9, 'turn_off', 'api', 'Device Washing Machine turned off', NULL, '127.0.0.1', 'Mozilla/5.0', '2026-06-18 03:37:05', '2026-06-18 06:37:05'),
(20, 3, 'status_change', 'auto', 'Status changed to online', NULL, '127.0.0.1', 'Mozilla/5.0', '2026-06-17 17:38:53', '2026-06-18 06:38:53'),
(21, 3, 'error', 'auto', 'Connection timeout detected', NULL, '127.0.0.1', 'Mozilla/5.0', '2026-06-17 17:38:53', '2026-06-18 06:38:53'),
(22, 4, 'status_change', 'auto', 'Status changed to online', NULL, '127.0.0.1', 'Mozilla/5.0', '2026-06-17 21:38:53', '2026-06-18 06:38:53'),
(23, 4, 'error', 'auto', 'Connection timeout detected', NULL, '127.0.0.1', 'Mozilla/5.0', '2026-06-17 11:38:53', '2026-06-18 06:38:53'),
(24, 5, 'status_change', 'auto', 'Status changed to online', NULL, '127.0.0.1', 'Mozilla/5.0', '2026-06-17 12:38:53', '2026-06-18 06:38:53'),
(25, 5, 'error', 'auto', 'Connection timeout detected', NULL, '127.0.0.1', 'Mozilla/5.0', '2026-06-18 01:38:53', '2026-06-18 06:38:53'),
(26, 6, 'status_change', 'auto', 'Status changed to online', NULL, '127.0.0.1', 'Mozilla/5.0', '2026-06-17 15:38:53', '2026-06-18 06:38:53'),
(27, 6, 'error', 'auto', 'Connection timeout detected', NULL, '127.0.0.1', 'Mozilla/5.0', '2026-06-17 12:38:53', '2026-06-18 06:38:53'),
(28, 7, 'status_change', 'auto', 'Status changed to online', NULL, '127.0.0.1', 'Mozilla/5.0', '2026-06-18 00:38:53', '2026-06-18 06:38:53'),
(29, 7, 'error', 'auto', 'Connection timeout detected', NULL, '127.0.0.1', 'Mozilla/5.0', '2026-06-17 20:38:53', '2026-06-18 06:38:53'),
(30, 8, 'status_change', 'auto', 'Status changed to online', NULL, '127.0.0.1', 'Mozilla/5.0', '2026-06-18 05:38:53', '2026-06-18 06:38:53'),
(53, 8, 'status_change', 'auto', 'Status changed to offline', NULL, '127.0.0.1', 'Mozilla/5.0', '2026-06-17 08:38:53', '2026-06-18 06:38:53'),
(54, 8, 'error', 'auto', 'Connection timeout detected', NULL, '127.0.0.1', 'Mozilla/5.0', '2026-06-17 19:38:53', '2026-06-18 06:38:53'),
(55, 9, 'status_change', 'auto', 'Status changed to online', NULL, '127.0.0.1', 'Mozilla/5.0', '2026-06-17 16:38:53', '2026-06-18 06:38:53'),
(57, 9, 'error', 'auto', 'Connection timeout detected', NULL, '127.0.0.1', 'Mozilla/5.0', '2026-06-18 02:38:53', '2026-06-18 06:38:53'),
(67, 2, 'error', 'auto', 'Connection timeout detected', NULL, '127.0.0.1', 'Mozilla/5.0', '2026-06-18 06:39:38', '2026-06-18 06:39:38'),
(69, 3, 'status_change', 'auto', 'Status changed to offline', NULL, '127.0.0.1', 'Mozilla/5.0', '2026-06-18 02:39:38', '2026-06-18 06:39:38'),
(71, 4, 'status_change', 'auto', 'Status changed to ofline', NULL, '127.0.0.1', 'Mozilla/5.0', '2026-06-17 14:39:38', '2026-06-18 06:39:38'),
(80, 7, 'status_change', 'auto', 'Status changed to online', NULL, '127.0.0.1', 'Mozilla/5.0', '2026-06-17 16:39:38', '2026-06-18 06:39:38'),
(82, 7, 'error', 'auto', 'Connection timeout detected', NULL, '127.0.0.1', 'Mozilla/5.0', '2026-06-18 02:39:38', '2026-06-18 06:39:38'),
(88, 9, 'error', 'auto', 'Connection timeout detected', NULL, '127.0.0.1', 'Mozilla/5.0', '2026-06-17 11:39:38', '2026-06-18 06:39:38'),
(101, 3, 'error', 'auto', 'Connection timeout detected', NULL, '127.0.0.1', 'Mozilla/5.0', '2026-06-18 05:39:56', '2026-06-18 06:39:56'),
(109, 6, 'status_change', 'auto', 'Status changed to offline', NULL, '127.0.0.1', 'Mozilla/5.0', '2026-06-17 23:39:56', '2026-06-18 06:39:56'),
(110, 6, 'error', 'auto', 'Connection timeout detected', NULL, '127.0.0.1', 'Mozilla/5.0', '2026-06-17 22:39:56', '2026-06-18 06:39:56'),
(136, 5, 'status_change', 'auto', 'Status changed to online', NULL, '127.0.0.1', 'Mozilla/5.0', '2026-06-17 21:40:54', '2026-06-18 06:40:54'),
(138, 5, 'error', 'auto', 'Connection timeout detected', NULL, '127.0.0.1', 'Mozilla/5.0', '2026-06-17 18:40:54', '2026-06-18 06:40:54'),
(147, 8, 'error', 'auto', 'Connection timeout detected', NULL, '127.0.0.1', 'Mozilla/5.0', '2026-06-18 00:40:54', '2026-06-18 06:40:54'),
(149, 9, 'status_change', 'auto', 'Status changed to offline', NULL, '127.0.0.1', 'Mozilla/5.0', '2026-06-18 01:40:54', '2026-06-18 06:40:54'),
(189, 2, 'status_change', 'auto', 'Status changed to online', NULL, '127.0.0.1', 'Mozilla/5.0', '2026-06-18 05:41:44', '2026-06-18 06:41:44'),
(197, 4, 'error', 'auto', 'Connection timeout detected', NULL, '127.0.0.1', 'Mozilla/5.0', '2026-06-18 03:41:44', '2026-06-18 06:41:44'),
(259, 2, 'error', 'system', 'Device not responding', NULL, '127.0.0.1', 'Mozilla/5.0', '2026-06-17 16:46:38', '2026-06-18 06:46:38'),
(282, 2, 'turn_on', 'auto', 'Device Smart Fridge turned on', NULL, '127.0.0.1', 'Mozilla/5.0', '2026-06-18 04:46:38', '2026-06-18 06:46:38'),
(286, 9, 'turn_on', 'manual', 'Device Smart Dryer turned on', NULL, '127.0.0.1', 'Mozilla/5.0', '2026-06-17 20:48:51', '2026-06-18 06:48:51'),
(287, 7, 'turn_off', 'api', 'Device Smart Bulb turned off', NULL, '127.0.0.1', 'Mozilla/5.0', '2026-06-17 15:48:51', '2026-06-18 06:48:51'),
(288, 8, 'turn_off', 'api', 'Device Smart Kettle turned off', NULL, '127.0.0.1', 'Mozilla/5.0', '2026-06-17 08:48:51', '2026-06-18 06:48:51'),
(289, 9, 'turn_off', 'api', 'Device Smart Dryer turned off', NULL, '127.0.0.1', 'Mozilla/5.0', '2026-06-17 12:48:51', '2026-06-18 06:48:51');

-- --------------------------------------------------------

--
-- Table structure for table `device_readings`
--

CREATE TABLE `device_readings` (
  `id` bigint(20) UNSIGNED NOT NULL,
  `device_id` bigint(20) UNSIGNED NOT NULL,
  `value` decimal(10,2) DEFAULT NULL,
  `recorded_at` timestamp NOT NULL DEFAULT current_timestamp() ON UPDATE current_timestamp(),
  `created_at` timestamp NULL DEFAULT NULL,
  `updated_at` timestamp NULL DEFAULT NULL
) ENGINE=InnoDB DEFAULT CHARSET=utf8mb4 COLLATE=utf8mb4_unicode_ci;

--
-- Dumping data for table `device_readings`
--

INSERT INTO `device_readings` (`id`, `device_id`, `value`, `recorded_at`, `created_at`, `updated_at`) VALUES
(3, 1, 0.76, '2026-06-17 21:00:00', '2026-06-18 06:02:21', '2026-06-18 06:02:21'),
(4, 1, 1.21, '2026-06-17 22:00:00', '2026-06-18 06:02:21', '2026-06-18 06:02:21'),
(5, 1, 1.24, '2026-06-17 23:00:00', '2026-06-18 06:02:21', '2026-06-18 06:02:21'),
(6, 1, 1.08, '2026-06-18 00:00:00', '2026-06-18 06:02:21', '2026-06-18 06:02:21'),
(7, 1, 1.18, '2026-06-18 01:00:00', '2026-06-18 06:02:21', '2026-06-18 06:02:21'),
(8, 1, 1.16, '2026-06-18 02:00:00', '2026-06-18 06:02:21', '2026-06-18 06:02:21'),
(9, 1, 1.91, '2026-06-18 03:00:00', '2026-06-18 06:02:21', '2026-06-18 06:02:21'),
(10, 1, 2.07, '2026-06-18 04:00:00', '2026-06-18 06:02:21', '2026-06-18 06:02:21'),
(11, 1, 1.60, '2026-06-18 05:00:00', '2026-06-18 06:02:21', '2026-06-18 06:02:21'),
(12, 1, 1.81, '2026-06-18 06:00:00', '2026-06-18 06:02:21', '2026-06-18 06:02:21'),
(13, 1, 1.34, '2026-06-18 07:00:00', '2026-06-18 06:02:21', '2026-06-18 06:02:21'),
(14, 1, 1.07, '2026-06-18 08:00:00', '2026-06-18 06:02:21', '2026-06-18 06:02:21'),
(15, 1, 4.68, '2026-06-18 09:00:00', '2026-06-18 06:02:21', '2026-06-18 06:02:21'),
(16, 1, 5.98, '2026-06-18 10:00:00', '2026-06-18 06:02:21', '2026-06-18 06:02:21'),
(17, 1, 5.83, '2026-06-18 11:00:00', '2026-06-18 06:02:21', '2026-06-18 06:02:21'),
(18, 1, 1.12, '2026-06-18 12:00:00', '2026-06-18 06:02:21', '2026-06-18 06:02:21'),
(19, 1, 0.84, '2026-06-18 13:00:00', '2026-06-18 06:02:21', '2026-06-18 06:02:21'),
(20, 1, 1.34, '2026-06-18 14:00:00', '2026-06-18 06:02:21', '2026-06-18 06:02:21'),
(21, 1, 3.35, '2026-06-18 15:00:00', '2026-06-18 06:02:21', '2026-06-18 06:02:21'),
(22, 1, 3.71, '2026-06-18 16:00:00', '2026-06-18 06:02:21', '2026-06-18 06:02:21'),
(23, 1, 3.52, '2026-06-18 17:00:00', '2026-06-18 06:02:21', '2026-06-18 06:02:21'),
(24, 1, 3.45, '2026-06-18 18:00:00', '2026-06-18 06:02:21', '2026-06-18 06:02:21'),
(25, 1, 0.85, '2026-06-18 19:00:00', '2026-06-18 06:02:21', '2026-06-18 06:02:21'),
(26, 1, 0.59, '2026-06-18 20:00:00', '2026-06-18 06:02:21', '2026-06-18 06:02:21'),
(34, 7, 0.36, '2026-06-17 21:00:00', '2026-06-18 06:14:15', '2026-06-18 06:14:15'),
(35, 8, 0.52, '2026-06-17 21:00:00', '2026-06-18 06:14:15', '2026-06-18 06:14:15'),
(36, 9, 0.32, '2026-06-17 21:00:00', '2026-06-18 06:14:15', '2026-06-18 06:14:15'),
(37, 7, 0.85, '2026-06-17 22:00:00', '2026-06-18 06:14:15', '2026-06-18 06:14:15'),
(38, 8, 1.11, '2026-06-17 22:00:00', '2026-06-18 06:14:15', '2026-06-18 06:14:15'),
(39, 9, 0.78, '2026-06-17 22:00:00', '2026-06-18 06:14:15', '2026-06-18 06:14:15'),
(40, 7, 0.37, '2026-06-17 23:00:00', '2026-06-18 06:14:15', '2026-06-18 06:14:15'),
(41, 8, 0.31, '2026-06-17 23:00:00', '2026-06-18 06:14:15', '2026-06-18 06:14:15'),
(42, 9, 0.22, '2026-06-17 23:00:00', '2026-06-18 06:14:15', '2026-06-18 06:14:15'),
(43, 7, 0.99, '2026-06-18 00:00:00', '2026-06-18 06:14:15', '2026-06-18 06:14:15'),
(44, 8, 1.08, '2026-06-18 00:00:00', '2026-06-18 06:14:15', '2026-06-18 06:14:15'),
(45, 9, 0.25, '2026-06-18 00:00:00', '2026-06-18 06:14:15', '2026-06-18 06:14:15'),
(46, 7, 0.80, '2026-06-18 01:00:00', '2026-06-18 06:14:15', '2026-06-18 06:14:15'),
(47, 8, 1.04, '2026-06-18 01:00:00', '2026-06-18 06:14:15', '2026-06-18 06:14:15'),
(48, 9, 0.60, '2026-06-18 01:00:00', '2026-06-18 06:14:15', '2026-06-18 06:14:15'),
(49, 7, 0.68, '2026-06-18 02:00:00', '2026-06-18 06:14:15', '2026-06-18 06:14:15'),
(50, 8, 0.42, '2026-06-18 02:00:00', '2026-06-18 06:14:15', '2026-06-18 06:14:15'),
(51, 9, 0.84, '2026-06-18 02:00:00', '2026-06-18 06:14:15', '2026-06-18 06:14:15'),
(52, 7, 2.10, '2026-06-18 03:00:00', '2026-06-18 06:14:15', '2026-06-18 06:14:15'),
(53, 8, 2.64, '2026-06-18 03:00:00', '2026-06-18 06:14:15', '2026-06-18 06:14:15'),
(54, 9, 1.90, '2026-06-18 03:00:00', '2026-06-18 06:14:15', '2026-06-18 06:14:15'),
(55, 7, 2.61, '2026-06-18 04:00:00', '2026-06-18 06:14:15', '2026-06-18 06:14:15'),
(56, 8, 2.32, '2026-06-18 04:00:00', '2026-06-18 06:14:15', '2026-06-18 06:14:15'),
(57, 9, 2.77, '2026-06-18 04:00:00', '2026-06-18 06:14:15', '2026-06-18 06:14:15'),
(58, 7, 1.89, '2026-06-18 05:00:00', '2026-06-18 06:14:15', '2026-06-18 06:14:15'),
(59, 8, 2.14, '2026-06-18 05:00:00', '2026-06-18 06:14:15', '2026-06-18 06:14:15'),
(60, 9, 2.02, '2026-06-18 05:00:00', '2026-06-18 06:14:15', '2026-06-18 06:14:15'),
(61, 7, 2.67, '2026-06-18 06:00:00', '2026-06-18 06:14:15', '2026-06-18 06:14:15'),
(62, 8, 2.32, '2026-06-18 06:00:00', '2026-06-18 06:14:15', '2026-06-18 06:14:15'),
(63, 9, 2.59, '2026-06-18 06:00:00', '2026-06-18 06:14:15', '2026-06-18 06:14:15'),
(64, 7, 1.18, '2026-06-18 07:00:00', '2026-06-18 06:14:15', '2026-06-18 06:14:15'),
(65, 8, 0.72, '2026-06-18 07:00:00', '2026-06-18 06:14:15', '2026-06-18 06:14:15'),
(66, 9, 0.88, '2026-06-18 07:00:00', '2026-06-18 06:14:15', '2026-06-18 06:14:15'),
(67, 7, 1.03, '2026-06-18 08:00:00', '2026-06-18 06:14:15', '2026-06-18 06:14:15'),
(68, 8, 0.33, '2026-06-18 08:00:00', '2026-06-18 06:14:15', '2026-06-18 06:14:15'),
(69, 9, 0.34, '2026-06-18 08:00:00', '2026-06-18 06:14:15', '2026-06-18 06:14:15'),
(70, 7, 3.96, '2026-06-18 09:00:00', '2026-06-18 06:14:15', '2026-06-18 06:14:15'),
(71, 8, 3.53, '2026-06-18 09:00:00', '2026-06-18 06:14:15', '2026-06-18 06:14:15'),
(72, 9, 5.75, '2026-06-18 09:00:00', '2026-06-18 06:14:15', '2026-06-18 06:14:15'),
(73, 7, 3.17, '2026-06-18 10:00:00', '2026-06-18 06:14:15', '2026-06-18 06:14:15'),
(74, 8, 4.58, '2026-06-18 10:00:00', '2026-06-18 06:14:15', '2026-06-18 06:14:15'),
(75, 9, 4.41, '2026-06-18 10:00:00', '2026-06-18 06:14:15', '2026-06-18 06:14:15'),
(76, 7, 5.30, '2026-06-18 11:00:00', '2026-06-18 06:14:15', '2026-06-18 06:14:15'),
(77, 8, 4.26, '2026-06-18 11:00:00', '2026-06-18 06:14:15', '2026-06-18 06:14:15'),
(78, 9, 5.42, '2026-06-18 11:00:00', '2026-06-18 06:14:15', '2026-06-18 06:14:15'),
(79, 7, 0.97, '2026-06-18 12:00:00', '2026-06-18 06:14:15', '2026-06-18 06:14:15'),
(80, 8, 0.63, '2026-06-18 12:00:00', '2026-06-18 06:14:15', '2026-06-18 06:14:15'),
(81, 9, 1.05, '2026-06-18 12:00:00', '2026-06-18 06:14:15', '2026-06-18 06:14:15'),
(82, 7, 1.16, '2026-06-18 13:00:00', '2026-06-18 06:14:15', '2026-06-18 06:14:15'),
(83, 8, 0.45, '2026-06-18 13:00:00', '2026-06-18 06:14:15', '2026-06-18 06:14:15'),
(84, 9, 0.55, '2026-06-18 13:00:00', '2026-06-18 06:14:15', '2026-06-18 06:14:15'),
(85, 7, 1.20, '2026-06-18 14:00:00', '2026-06-18 06:14:15', '2026-06-18 06:14:15'),
(86, 8, 1.15, '2026-06-18 14:00:00', '2026-06-18 06:14:15', '2026-06-18 06:14:15'),
(87, 9, 0.94, '2026-06-18 14:00:00', '2026-06-18 06:14:15', '2026-06-18 06:14:15'),
(88, 7, 4.54, '2026-06-18 15:00:00', '2026-06-18 06:14:15', '2026-06-18 06:14:15'),
(89, 8, 2.07, '2026-06-18 15:00:00', '2026-06-18 06:14:15', '2026-06-18 06:14:15'),
(90, 9, 3.74, '2026-06-18 15:00:00', '2026-06-18 06:14:15', '2026-06-18 06:14:15'),
(91, 7, 4.47, '2026-06-18 16:00:00', '2026-06-18 06:14:15', '2026-06-18 06:14:15'),
(92, 8, 3.15, '2026-06-18 16:00:00', '2026-06-18 06:14:15', '2026-06-18 06:14:15'),
(93, 9, 3.32, '2026-06-18 16:00:00', '2026-06-18 06:14:15', '2026-06-18 06:14:15'),
(94, 7, 2.18, '2026-06-18 17:00:00', '2026-06-18 06:14:15', '2026-06-18 06:14:15'),
(95, 8, 4.91, '2026-06-18 17:00:00', '2026-06-18 06:14:15', '2026-06-18 06:14:15'),
(96, 9, 4.00, '2026-06-18 17:00:00', '2026-06-18 06:14:15', '2026-06-18 06:14:15'),
(97, 7, 3.30, '2026-06-18 18:00:00', '2026-06-18 06:14:15', '2026-06-18 06:14:15'),
(98, 8, 2.49, '2026-06-18 18:00:00', '2026-06-18 06:14:15', '2026-06-18 06:14:15'),
(99, 9, 3.55, '2026-06-18 18:00:00', '2026-06-18 06:14:15', '2026-06-18 06:14:15'),
(100, 7, 0.29, '2026-06-18 19:00:00', '2026-06-18 06:14:15', '2026-06-18 06:14:15'),
(101, 8, 1.09, '2026-06-18 19:00:00', '2026-06-18 06:14:15', '2026-06-18 06:14:15'),
(102, 9, 0.39, '2026-06-18 19:00:00', '2026-06-18 06:14:15', '2026-06-18 06:14:15'),
(103, 7, 0.46, '2026-06-18 20:00:00', '2026-06-18 06:14:15', '2026-06-18 06:14:15'),
(104, 8, 0.96, '2026-06-18 20:00:00', '2026-06-18 06:14:15', '2026-06-18 06:14:15'),
(105, 9, 1.19, '2026-06-18 20:00:00', '2026-06-18 06:14:15', '2026-06-18 06:14:15'),
(161, 2, 1.20, '2026-06-17 21:00:00', '2026-06-18 06:17:03', '2026-06-18 06:17:03'),
(162, 3, 0.33, '2026-06-17 21:00:00', '2026-06-18 06:17:03', '2026-06-18 06:17:03'),
(163, 4, 0.87, '2026-06-17 21:00:00', '2026-06-18 06:17:03', '2026-06-18 06:17:03'),
(164, 5, 1.13, '2026-06-17 21:00:00', '2026-06-18 06:17:03', '2026-06-18 06:17:03'),
(165, 6, 0.86, '2026-06-17 21:00:00', '2026-06-18 06:17:03', '2026-06-18 06:17:03'),
(166, 2, 0.71, '2026-06-17 22:00:00', '2026-06-18 06:17:03', '2026-06-18 06:17:03'),
(167, 3, 0.78, '2026-06-17 22:00:00', '2026-06-18 06:17:03', '2026-06-18 06:17:03'),
(168, 4, 0.57, '2026-06-17 22:00:00', '2026-06-18 06:17:03', '2026-06-18 06:17:03'),
(169, 5, 0.31, '2026-06-17 22:00:00', '2026-06-18 06:17:03', '2026-06-18 06:17:03'),
(170, 6, 0.66, '2026-06-17 22:00:00', '2026-06-18 06:17:03', '2026-06-18 06:17:03'),
(171, 2, 1.13, '2026-06-17 23:00:00', '2026-06-18 06:17:03', '2026-06-18 06:17:03'),
(172, 3, 0.50, '2026-06-17 23:00:00', '2026-06-18 06:17:03', '2026-06-18 06:17:03'),
(173, 4, 0.89, '2026-06-17 23:00:00', '2026-06-18 06:17:03', '2026-06-18 06:17:03'),
(174, 5, 0.78, '2026-06-17 23:00:00', '2026-06-18 06:17:03', '2026-06-18 06:17:03'),
(175, 6, 1.00, '2026-06-17 23:00:00', '2026-06-18 06:17:03', '2026-06-18 06:17:03'),
(176, 2, 0.48, '2026-06-18 00:00:00', '2026-06-18 06:17:03', '2026-06-18 06:17:03'),
(177, 3, 0.21, '2026-06-18 00:00:00', '2026-06-18 06:17:03', '2026-06-18 06:17:03'),
(178, 4, 0.39, '2026-06-18 00:00:00', '2026-06-18 06:17:03', '2026-06-18 06:17:03'),
(179, 5, 1.13, '2026-06-18 00:00:00', '2026-06-18 06:17:03', '2026-06-18 06:17:03'),
(180, 6, 0.27, '2026-06-18 00:00:00', '2026-06-18 06:17:03', '2026-06-18 06:17:03'),
(181, 2, 0.77, '2026-06-18 01:00:00', '2026-06-18 06:17:03', '2026-06-18 06:17:03'),
(182, 3, 0.82, '2026-06-18 01:00:00', '2026-06-18 06:17:03', '2026-06-18 06:17:03'),
(183, 4, 0.61, '2026-06-18 01:00:00', '2026-06-18 06:17:03', '2026-06-18 06:17:03'),
(184, 5, 0.40, '2026-06-18 01:00:00', '2026-06-18 06:17:03', '2026-06-18 06:17:03'),
(185, 6, 0.96, '2026-06-18 01:00:00', '2026-06-18 06:17:03', '2026-06-18 06:17:03'),
(186, 2, 0.41, '2026-06-18 02:00:00', '2026-06-18 06:17:03', '2026-06-18 06:17:03'),
(187, 3, 0.97, '2026-06-18 02:00:00', '2026-06-18 06:17:03', '2026-06-18 06:17:03'),
(188, 4, 0.42, '2026-06-18 02:00:00', '2026-06-18 06:17:03', '2026-06-18 06:17:03'),
(189, 5, 1.00, '2026-06-18 02:00:00', '2026-06-18 06:17:03', '2026-06-18 06:17:03'),
(190, 6, 0.51, '2026-06-18 02:00:00', '2026-06-18 06:17:03', '2026-06-18 06:17:03'),
(191, 2, 1.33, '2026-06-18 03:00:00', '2026-06-18 06:17:03', '2026-06-18 06:17:03'),
(192, 3, 2.77, '2026-06-18 03:00:00', '2026-06-18 06:17:03', '2026-06-18 06:17:03'),
(193, 4, 2.89, '2026-06-18 03:00:00', '2026-06-18 06:17:03', '2026-06-18 06:17:03'),
(194, 5, 1.11, '2026-06-18 03:00:00', '2026-06-18 06:17:03', '2026-06-18 06:17:03'),
(195, 6, 1.91, '2026-06-18 03:00:00', '2026-06-18 06:17:03', '2026-06-18 06:17:03'),
(196, 2, 1.19, '2026-06-18 04:00:00', '2026-06-18 06:17:03', '2026-06-18 06:17:03'),
(197, 3, 1.25, '2026-06-18 04:00:00', '2026-06-18 06:17:03', '2026-06-18 06:17:03'),
(198, 4, 1.65, '2026-06-18 04:00:00', '2026-06-18 06:17:03', '2026-06-18 06:17:03'),
(199, 5, 1.51, '2026-06-18 04:00:00', '2026-06-18 06:17:03', '2026-06-18 06:17:03'),
(200, 6, 1.61, '2026-06-18 04:00:00', '2026-06-18 06:17:03', '2026-06-18 06:17:03'),
(201, 2, 2.53, '2026-06-18 05:00:00', '2026-06-18 06:17:03', '2026-06-18 06:17:03'),
(202, 3, 2.81, '2026-06-18 05:00:00', '2026-06-18 06:17:03', '2026-06-18 06:17:03'),
(203, 4, 1.47, '2026-06-18 05:00:00', '2026-06-18 06:17:03', '2026-06-18 06:17:03'),
(204, 5, 1.91, '2026-06-18 05:00:00', '2026-06-18 06:17:03', '2026-06-18 06:17:03'),
(205, 6, 2.13, '2026-06-18 05:00:00', '2026-06-18 06:17:03', '2026-06-18 06:17:03'),
(206, 2, 1.91, '2026-06-18 06:00:00', '2026-06-18 06:17:03', '2026-06-18 06:17:03'),
(207, 3, 2.19, '2026-06-18 06:00:00', '2026-06-18 06:17:03', '2026-06-18 06:17:03'),
(208, 4, 2.21, '2026-06-18 06:00:00', '2026-06-18 06:17:03', '2026-06-18 06:17:03'),
(209, 5, 1.48, '2026-06-18 06:00:00', '2026-06-18 06:17:03', '2026-06-18 06:17:03'),
(210, 6, 1.79, '2026-06-18 06:00:00', '2026-06-18 06:17:03', '2026-06-18 06:17:03'),
(211, 2, 0.45, '2026-06-18 07:00:00', '2026-06-18 06:17:03', '2026-06-18 06:17:03'),
(212, 3, 0.24, '2026-06-18 07:00:00', '2026-06-18 06:17:03', '2026-06-18 06:17:03'),
(213, 4, 0.68, '2026-06-18 07:00:00', '2026-06-18 06:17:03', '2026-06-18 06:17:03'),
(214, 5, 0.47, '2026-06-18 07:00:00', '2026-06-18 06:17:03', '2026-06-18 06:17:03'),
(215, 6, 1.12, '2026-06-18 07:00:00', '2026-06-18 06:17:03', '2026-06-18 06:17:03'),
(216, 2, 0.97, '2026-06-18 08:00:00', '2026-06-18 06:17:03', '2026-06-18 06:17:03'),
(217, 3, 0.30, '2026-06-18 08:00:00', '2026-06-18 06:17:03', '2026-06-18 06:17:03'),
(218, 4, 0.40, '2026-06-18 08:00:00', '2026-06-18 06:17:03', '2026-06-18 06:17:03'),
(219, 5, 0.88, '2026-06-18 08:00:00', '2026-06-18 06:17:03', '2026-06-18 06:17:03'),
(220, 6, 1.02, '2026-06-18 08:00:00', '2026-06-18 06:17:03', '2026-06-18 06:17:03'),
(221, 2, 3.13, '2026-06-18 09:00:00', '2026-06-18 06:17:03', '2026-06-18 06:17:03'),
(222, 3, 5.30, '2026-06-18 09:00:00', '2026-06-18 06:17:03', '2026-06-18 06:17:03'),
(223, 4, 5.11, '2026-06-18 09:00:00', '2026-06-18 06:17:03', '2026-06-18 06:17:03'),
(224, 5, 3.66, '2026-06-18 09:00:00', '2026-06-18 06:17:03', '2026-06-18 06:17:03'),
(225, 6, 5.96, '2026-06-18 09:00:00', '2026-06-18 06:17:03', '2026-06-18 06:17:03'),
(226, 2, 3.80, '2026-06-18 10:00:00', '2026-06-18 06:17:03', '2026-06-18 06:17:03'),
(227, 3, 4.15, '2026-06-18 10:00:00', '2026-06-18 06:17:03', '2026-06-18 06:17:03'),
(228, 4, 3.36, '2026-06-18 10:00:00', '2026-06-18 06:17:03', '2026-06-18 06:17:03'),
(229, 5, 4.32, '2026-06-18 10:00:00', '2026-06-18 06:17:03', '2026-06-18 06:17:03'),
(230, 6, 5.52, '2026-06-18 10:00:00', '2026-06-18 06:17:03', '2026-06-18 06:17:03'),
(231, 2, 5.64, '2026-06-18 11:00:00', '2026-06-18 06:17:03', '2026-06-18 06:17:03'),
(232, 3, 5.66, '2026-06-18 11:00:00', '2026-06-18 06:17:03', '2026-06-18 06:17:03'),
(233, 4, 5.35, '2026-06-18 11:00:00', '2026-06-18 06:17:03', '2026-06-18 06:17:03'),
(234, 5, 3.79, '2026-06-18 11:00:00', '2026-06-18 06:17:03', '2026-06-18 06:17:03'),
(235, 6, 5.88, '2026-06-18 11:00:00', '2026-06-18 06:17:03', '2026-06-18 06:17:03'),
(236, 2, 0.21, '2026-06-18 12:00:00', '2026-06-18 06:17:03', '2026-06-18 06:17:03'),
(237, 3, 0.38, '2026-06-18 12:00:00', '2026-06-18 06:17:03', '2026-06-18 06:17:03'),
(238, 4, 1.08, '2026-06-18 12:00:00', '2026-06-18 06:17:03', '2026-06-18 06:17:03'),
(239, 5, 1.04, '2026-06-18 12:00:00', '2026-06-18 06:17:03', '2026-06-18 06:17:03'),
(240, 6, 0.76, '2026-06-18 12:00:00', '2026-06-18 06:17:03', '2026-06-18 06:17:03'),
(241, 2, 0.51, '2026-06-18 13:00:00', '2026-06-18 06:17:03', '2026-06-18 06:17:03'),
(242, 3, 1.03, '2026-06-18 13:00:00', '2026-06-18 06:17:03', '2026-06-18 06:17:03'),
(243, 4, 0.45, '2026-06-18 13:00:00', '2026-06-18 06:17:03', '2026-06-18 06:17:03'),
(244, 5, 0.96, '2026-06-18 13:00:00', '2026-06-18 06:17:03', '2026-06-18 06:17:03'),
(245, 6, 0.24, '2026-06-18 13:00:00', '2026-06-18 06:17:03', '2026-06-18 06:17:03'),
(246, 2, 1.12, '2026-06-18 14:00:00', '2026-06-18 06:17:03', '2026-06-18 06:17:03'),
(247, 3, 0.68, '2026-06-18 14:00:00', '2026-06-18 06:17:03', '2026-06-18 06:17:03'),
(248, 4, 0.84, '2026-06-18 14:00:00', '2026-06-18 06:17:03', '2026-06-18 06:17:03'),
(249, 5, 0.95, '2026-06-18 14:00:00', '2026-06-18 06:17:03', '2026-06-18 06:17:03'),
(250, 6, 1.06, '2026-06-18 14:00:00', '2026-06-18 06:17:03', '2026-06-18 06:17:03'),
(251, 2, 2.06, '2026-06-18 15:00:00', '2026-06-18 06:17:03', '2026-06-18 06:17:03'),
(252, 3, 3.57, '2026-06-18 15:00:00', '2026-06-18 06:17:03', '2026-06-18 06:17:03'),
(253, 4, 3.68, '2026-06-18 15:00:00', '2026-06-18 06:17:03', '2026-06-18 06:17:03'),
(254, 5, 2.71, '2026-06-18 15:00:00', '2026-06-18 06:17:03', '2026-06-18 06:17:03'),
(255, 6, 3.51, '2026-06-18 15:00:00', '2026-06-18 06:17:03', '2026-06-18 06:17:03'),
(256, 2, 4.42, '2026-06-18 16:00:00', '2026-06-18 06:17:03', '2026-06-18 06:17:03'),
(257, 3, 3.55, '2026-06-18 16:00:00', '2026-06-18 06:17:03', '2026-06-18 06:17:03'),
(258, 4, 2.49, '2026-06-18 16:00:00', '2026-06-18 06:17:03', '2026-06-18 06:17:03'),
(259, 5, 2.83, '2026-06-18 16:00:00', '2026-06-18 06:17:03', '2026-06-18 06:17:03'),
(260, 6, 4.65, '2026-06-18 16:00:00', '2026-06-18 06:17:03', '2026-06-18 06:17:03'),
(261, 2, 3.78, '2026-06-18 17:00:00', '2026-06-18 06:17:03', '2026-06-18 06:17:03'),
(262, 3, 2.93, '2026-06-18 17:00:00', '2026-06-18 06:17:03', '2026-06-18 06:17:03'),
(263, 4, 4.31, '2026-06-18 17:00:00', '2026-06-18 06:17:03', '2026-06-18 06:17:03'),
(264, 5, 4.78, '2026-06-18 17:00:00', '2026-06-18 06:17:03', '2026-06-18 06:17:03'),
(265, 6, 2.96, '2026-06-18 17:00:00', '2026-06-18 06:17:03', '2026-06-18 06:17:03'),
(266, 2, 4.48, '2026-06-18 18:00:00', '2026-06-18 06:17:03', '2026-06-18 06:17:03'),
(267, 3, 2.51, '2026-06-18 18:00:00', '2026-06-18 06:17:03', '2026-06-18 06:17:03'),
(268, 4, 3.09, '2026-06-18 18:00:00', '2026-06-18 06:17:03', '2026-06-18 06:17:03'),
(269, 5, 2.95, '2026-06-18 18:00:00', '2026-06-18 06:17:03', '2026-06-18 06:17:03'),
(270, 6, 3.47, '2026-06-18 18:00:00', '2026-06-18 06:17:03', '2026-06-18 06:17:03'),
(271, 2, 0.71, '2026-06-18 19:00:00', '2026-06-18 06:17:03', '2026-06-18 06:17:03'),
(272, 3, 0.25, '2026-06-18 19:00:00', '2026-06-18 06:17:03', '2026-06-18 06:17:03'),
(273, 4, 0.94, '2026-06-18 19:00:00', '2026-06-18 06:17:03', '2026-06-18 06:17:03'),
(274, 5, 0.75, '2026-06-18 19:00:00', '2026-06-18 06:17:03', '2026-06-18 06:17:03'),
(275, 6, 0.75, '2026-06-18 19:00:00', '2026-06-18 06:17:03', '2026-06-18 06:17:03'),
(276, 2, 0.27, '2026-06-18 20:00:00', '2026-06-18 06:17:03', '2026-06-18 06:17:03'),
(277, 3, 0.90, '2026-06-18 20:00:00', '2026-06-18 06:17:03', '2026-06-18 06:17:03'),
(278, 4, 0.49, '2026-06-18 20:00:00', '2026-06-18 06:17:03', '2026-06-18 06:17:03'),
(279, 5, 0.57, '2026-06-18 20:00:00', '2026-06-18 06:17:03', '2026-06-18 06:17:03'),
(280, 6, 1.17, '2026-06-18 20:00:00', '2026-06-18 06:17:03', '2026-06-18 06:17:03');

-- --------------------------------------------------------

--
-- Table structure for table `energy_reductions`
--

CREATE TABLE `energy_reductions` (
  `id` bigint(20) UNSIGNED NOT NULL,
  `user_id` bigint(20) UNSIGNED NOT NULL,
  `title` varchar(255) NOT NULL,
  `target_percentage` decimal(5,2) NOT NULL,
  `target_kwh` decimal(10,2) NOT NULL,
  `baseline_kwh` decimal(10,2) NOT NULL,
  `current_kwh` decimal(10,2) NOT NULL DEFAULT 0.00,
  `reduction_achieved` decimal(5,2) NOT NULL DEFAULT 0.00,
  `start_date` date NOT NULL,
  `end_date` date NOT NULL,
  `status` enum('active','completed','failed') NOT NULL DEFAULT 'active',
  `weekly_progress` longtext CHARACTER SET utf8mb4 COLLATE utf8mb4_bin DEFAULT NULL CHECK (json_valid(`weekly_progress`)),
  `notes` text DEFAULT NULL,
  `created_at` timestamp NULL DEFAULT NULL,
  `updated_at` timestamp NULL DEFAULT NULL
) ENGINE=InnoDB DEFAULT CHARSET=utf8mb4 COLLATE=utf8mb4_general_ci;

--
-- Dumping data for table `energy_reductions`
--

INSERT INTO `energy_reductions` (`id`, `user_id`, `title`, `target_percentage`, `target_kwh`, `baseline_kwh`, `current_kwh`, `reduction_achieved`, `start_date`, `end_date`, `status`, `weekly_progress`, `notes`, `created_at`, `updated_at`) VALUES
(1, 1, 'Reduce Summer Energy', 15.00, 850.00, 1000.00, 950.00, 5.00, '2026-06-01', '2026-06-30', 'active', NULL, 'Reduce AC usage during peak hours', '2026-06-17 14:42:58', '2026-06-17 14:42:58'),
(2, 1, 'Winter Energy Savings', 20.00, 800.00, 1000.00, 900.00, 10.00, '2026-12-01', '2026-12-31', 'active', NULL, 'Better insulation and heating schedule', '2026-06-17 14:42:58', '2026-06-17 14:42:58'),
(3, 1, 'Reduce Summer Energy', 15.00, 850.00, 1000.00, 950.00, 5.00, '2026-06-18', '2026-07-18', 'active', NULL, 'Reduce AC usage during peak hours', '2026-06-18 05:57:18', '2026-06-18 05:57:18'),
(4, 1, 'Winter Energy Savings', 20.00, 800.00, 1000.00, 900.00, 10.00, '2026-12-15', '2027-01-14', 'active', NULL, 'Better insulation and heating schedule', '2026-06-18 05:57:18', '2026-06-18 05:57:18');

-- --------------------------------------------------------

--
-- Table structure for table `energy_savings`
--

CREATE TABLE `energy_savings` (
  `id` bigint(20) UNSIGNED NOT NULL,
  `user_id` bigint(20) UNSIGNED DEFAULT NULL,
  `money_saved` decimal(10,2) DEFAULT NULL,
  `co2_reduced_kg` decimal(10,2) DEFAULT NULL,
  `efficiency_percent` decimal(5,2) DEFAULT NULL,
  `period_start` date DEFAULT NULL,
  `period_end` date DEFAULT NULL,
  `created_at` timestamp NULL DEFAULT NULL,
  `updated_at` timestamp NULL DEFAULT NULL
) ENGINE=InnoDB DEFAULT CHARSET=utf8mb4 COLLATE=utf8mb4_unicode_ci;

--
-- Dumping data for table `energy_savings`
--

INSERT INTO `energy_savings` (`id`, `user_id`, `money_saved`, `co2_reduced_kg`, `efficiency_percent`, `period_start`, `period_end`, `created_at`, `updated_at`) VALUES
(1, 1, 6.20, 12.50, 23.00, '2026-06-11', '2026-06-18', '2026-06-18 05:56:54', '2026-06-18 05:56:54'),
(2, 1, 45.80, 89.30, 18.00, '2026-05-19', '2026-06-18', '2026-06-18 05:56:54', '2026-06-18 05:56:54');

-- --------------------------------------------------------

--
-- Table structure for table `energy_targets`
--

CREATE TABLE `energy_targets` (
  `id` bigint(20) UNSIGNED NOT NULL,
  `user_id` bigint(20) UNSIGNED NOT NULL,
  `target_kwh` decimal(10,2) NOT NULL,
  `month` date NOT NULL,
  `achieved` tinyint(1) NOT NULL DEFAULT 0,
  `created_at` timestamp NULL DEFAULT NULL,
  `updated_at` timestamp NULL DEFAULT NULL
) ENGINE=InnoDB DEFAULT CHARSET=utf8mb4 COLLATE=utf8mb4_unicode_ci;

--
-- Dumping data for table `energy_targets`
--

INSERT INTO `energy_targets` (`id`, `user_id`, `target_kwh`, `month`, `achieved`, `created_at`, `updated_at`) VALUES
(1, 1, 950.00, '2026-06-01', 0, '2026-06-17 14:48:11', '2026-06-18 05:49:29');

-- --------------------------------------------------------

--
-- Table structure for table `failed_jobs`
--

CREATE TABLE `failed_jobs` (
  `id` bigint(20) UNSIGNED NOT NULL,
  `uuid` varchar(255) NOT NULL,
  `connection` text NOT NULL,
  `queue` text NOT NULL,
  `payload` longtext NOT NULL,
  `exception` longtext NOT NULL,
  `failed_at` timestamp NOT NULL DEFAULT current_timestamp()
) ENGINE=InnoDB DEFAULT CHARSET=utf8mb4 COLLATE=utf8mb4_unicode_ci;

-- --------------------------------------------------------

--
-- Table structure for table `hourly_usage`
--

CREATE TABLE `hourly_usage` (
  `id` bigint(20) UNSIGNED NOT NULL,
  `user_id` bigint(20) UNSIGNED DEFAULT NULL,
  `usage_date` date DEFAULT NULL,
  `hour` int(11) DEFAULT NULL,
  `kwh` decimal(10,2) DEFAULT NULL,
  `created_at` timestamp NULL DEFAULT NULL,
  `updated_at` timestamp NULL DEFAULT NULL
) ENGINE=InnoDB DEFAULT CHARSET=utf8mb4 COLLATE=utf8mb4_unicode_ci;

--
-- Dumping data for table `hourly_usage`
--

INSERT INTO `hourly_usage` (`id`, `user_id`, `usage_date`, `hour`, `kwh`, `created_at`, `updated_at`) VALUES
(1, 1, '2026-06-18', 0, 1.18, '2026-06-18 05:48:17', '2026-06-18 05:48:17'),
(2, 1, '2026-06-18', 1, 1.13, '2026-06-18 05:48:17', '2026-06-18 05:48:17'),
(3, 1, '2026-06-18', 2, 0.59, '2026-06-18 05:48:17', '2026-06-18 05:48:17'),
(4, 1, '2026-06-18', 3, 1.09, '2026-06-18 05:48:17', '2026-06-18 05:48:17'),
(5, 1, '2026-06-18', 4, 1.16, '2026-06-18 05:48:17', '2026-06-18 05:48:17'),
(6, 1, '2026-06-18', 5, 1.06, '2026-06-18 05:48:17', '2026-06-18 05:48:17'),
(7, 1, '2026-06-18', 6, 2.70, '2026-06-18 05:48:17', '2026-06-18 05:48:17'),
(8, 1, '2026-06-18', 7, 1.97, '2026-06-18 05:48:17', '2026-06-18 05:48:17'),
(9, 1, '2026-06-18', 8, 1.75, '2026-06-18 05:48:17', '2026-06-18 05:48:17'),
(10, 1, '2026-06-18', 9, 2.84, '2026-06-18 05:48:17', '2026-06-18 05:48:17'),
(11, 1, '2026-06-18', 10, 1.48, '2026-06-18 05:48:17', '2026-06-18 05:48:17'),
(12, 1, '2026-06-18', 11, 0.70, '2026-06-18 05:48:17', '2026-06-18 05:48:17'),
(13, 1, '2026-06-18', 12, 4.14, '2026-06-18 05:48:17', '2026-06-18 05:48:17'),
(14, 1, '2026-06-18', 13, 5.52, '2026-06-18 05:48:17', '2026-06-18 05:48:17'),
(15, 1, '2026-06-18', 14, 5.16, '2026-06-18 05:48:17', '2026-06-18 05:48:17'),
(16, 1, '2026-06-18', 15, 1.11, '2026-06-18 05:48:17', '2026-06-18 05:48:17'),
(17, 1, '2026-06-18', 16, 0.83, '2026-06-18 05:48:17', '2026-06-18 05:48:17'),
(18, 1, '2026-06-18', 17, 1.33, '2026-06-18 05:48:17', '2026-06-18 05:48:17'),
(19, 1, '2026-06-18', 18, 3.28, '2026-06-18 05:48:17', '2026-06-18 05:48:17'),
(20, 1, '2026-06-18', 19, 3.43, '2026-06-18 05:48:17', '2026-06-18 05:48:17'),
(21, 1, '2026-06-18', 20, 4.32, '2026-06-18 05:48:17', '2026-06-18 05:48:17'),
(22, 1, '2026-06-18', 21, 4.29, '2026-06-18 05:48:17', '2026-06-18 05:48:17'),
(23, 1, '2026-06-18', 22, 0.76, '2026-06-18 05:48:17', '2026-06-18 05:48:17'),
(24, 1, '2026-06-18', 23, 0.84, '2026-06-18 05:48:17', '2026-06-18 05:48:17'),
(32, 1, '2026-06-18', 0, 1.36, '2026-06-18 05:49:43', '2026-06-18 05:49:43'),
(33, 1, '2026-06-18', 1, 0.62, '2026-06-18 05:49:43', '2026-06-18 05:49:43'),
(34, 1, '2026-06-18', 2, 0.51, '2026-06-18 05:49:43', '2026-06-18 05:49:43'),
(35, 1, '2026-06-18', 3, 1.21, '2026-06-18 05:49:43', '2026-06-18 05:49:43'),
(36, 1, '2026-06-18', 4, 0.99, '2026-06-18 05:49:43', '2026-06-18 05:49:43'),
(37, 1, '2026-06-18', 5, 0.83, '2026-06-18 05:49:43', '2026-06-18 05:49:43'),
(38, 1, '2026-06-18', 6, 1.77, '2026-06-18 05:49:43', '2026-06-18 05:49:43'),
(39, 1, '2026-06-18', 7, 2.87, '2026-06-18 05:49:43', '2026-06-18 05:49:43'),
(40, 1, '2026-06-18', 8, 1.55, '2026-06-18 05:49:43', '2026-06-18 05:49:43'),
(41, 1, '2026-06-18', 9, 2.13, '2026-06-18 05:49:43', '2026-06-18 05:49:43'),
(42, 1, '2026-06-18', 10, 1.49, '2026-06-18 05:49:43', '2026-06-18 05:49:43'),
(43, 1, '2026-06-18', 11, 1.20, '2026-06-18 05:49:43', '2026-06-18 05:49:43'),
(44, 1, '2026-06-18', 12, 5.09, '2026-06-18 05:49:43', '2026-06-18 05:49:43'),
(45, 1, '2026-06-18', 13, 5.24, '2026-06-18 05:49:43', '2026-06-18 05:49:43'),
(46, 1, '2026-06-18', 14, 4.94, '2026-06-18 05:49:43', '2026-06-18 05:49:43'),
(47, 1, '2026-06-18', 15, 0.98, '2026-06-18 05:49:43', '2026-06-18 05:49:43'),
(48, 1, '2026-06-18', 16, 1.48, '2026-06-18 05:49:43', '2026-06-18 05:49:43'),
(49, 1, '2026-06-18', 17, 0.98, '2026-06-18 05:49:43', '2026-06-18 05:49:43'),
(50, 1, '2026-06-18', 18, 3.89, '2026-06-18 05:49:43', '2026-06-18 05:49:43'),
(51, 1, '2026-06-18', 19, 4.59, '2026-06-18 05:49:43', '2026-06-18 05:49:43'),
(52, 1, '2026-06-18', 20, 4.28, '2026-06-18 05:49:43', '2026-06-18 05:49:43'),
(53, 1, '2026-06-18', 21, 4.61, '2026-06-18 05:49:43', '2026-06-18 05:49:43'),
(54, 1, '2026-06-18', 22, 0.62, '2026-06-18 05:49:43', '2026-06-18 05:49:43'),
(55, 1, '2026-06-18', 23, 0.68, '2026-06-18 05:49:43', '2026-06-18 05:49:43'),
(63, 1, '2026-06-18', 0, 0.91, '2026-06-18 05:51:02', '2026-06-18 05:51:02'),
(64, 1, '2026-06-18', 1, 1.08, '2026-06-18 05:51:02', '2026-06-18 05:51:02'),
(65, 1, '2026-06-18', 2, 1.17, '2026-06-18 05:51:02', '2026-06-18 05:51:02'),
(66, 1, '2026-06-18', 3, 1.11, '2026-06-18 05:51:02', '2026-06-18 05:51:02'),
(67, 1, '2026-06-18', 4, 0.55, '2026-06-18 05:51:02', '2026-06-18 05:51:02'),
(68, 1, '2026-06-18', 5, 0.90, '2026-06-18 05:51:02', '2026-06-18 05:51:02'),
(69, 1, '2026-06-18', 6, 2.80, '2026-06-18 05:51:02', '2026-06-18 05:51:02'),
(70, 1, '2026-06-18', 7, 1.68, '2026-06-18 05:51:02', '2026-06-18 05:51:02'),
(71, 1, '2026-06-18', 8, 2.99, '2026-06-18 05:51:02', '2026-06-18 05:51:02'),
(72, 1, '2026-06-18', 9, 2.43, '2026-06-18 05:51:02', '2026-06-18 05:51:02'),
(73, 1, '2026-06-18', 10, 0.60, '2026-06-18 05:51:02', '2026-06-18 05:51:02'),
(74, 1, '2026-06-18', 11, 1.17, '2026-06-18 05:51:02', '2026-06-18 05:51:02'),
(75, 1, '2026-06-18', 12, 4.05, '2026-06-18 05:51:02', '2026-06-18 05:51:02'),
(76, 1, '2026-06-18', 13, 4.25, '2026-06-18 05:51:02', '2026-06-18 05:51:02'),
(77, 1, '2026-06-18', 14, 5.10, '2026-06-18 05:51:02', '2026-06-18 05:51:02'),
(78, 1, '2026-06-18', 15, 0.87, '2026-06-18 05:51:02', '2026-06-18 05:51:02'),
(79, 1, '2026-06-18', 16, 0.69, '2026-06-18 05:51:02', '2026-06-18 05:51:02'),
(80, 1, '2026-06-18', 17, 1.33, '2026-06-18 05:51:02', '2026-06-18 05:51:02'),
(81, 1, '2026-06-18', 18, 4.17, '2026-06-18 05:51:02', '2026-06-18 05:51:02'),
(82, 1, '2026-06-18', 19, 3.89, '2026-06-18 05:51:02', '2026-06-18 05:51:02'),
(83, 1, '2026-06-18', 20, 3.94, '2026-06-18 05:51:02', '2026-06-18 05:51:02'),
(84, 1, '2026-06-18', 21, 3.05, '2026-06-18 05:51:02', '2026-06-18 05:51:02'),
(85, 1, '2026-06-18', 22, 1.20, '2026-06-18 05:51:02', '2026-06-18 05:51:02'),
(86, 1, '2026-06-18', 23, 0.93, '2026-06-18 05:51:02', '2026-06-18 05:51:02'),
(94, 1, '2026-06-18', 0, 1.14, '2026-06-18 05:54:32', '2026-06-18 05:54:32'),
(95, 1, '2026-06-18', 1, 1.40, '2026-06-18 05:54:32', '2026-06-18 05:54:32'),
(96, 1, '2026-06-18', 2, 1.09, '2026-06-18 05:54:32', '2026-06-18 05:54:32'),
(97, 1, '2026-06-18', 3, 0.73, '2026-06-18 05:54:32', '2026-06-18 05:54:32'),
(98, 1, '2026-06-18', 4, 0.90, '2026-06-18 05:54:32', '2026-06-18 05:54:32'),
(99, 1, '2026-06-18', 5, 0.80, '2026-06-18 05:54:32', '2026-06-18 05:54:32'),
(100, 1, '2026-06-18', 6, 1.97, '2026-06-18 05:54:32', '2026-06-18 05:54:32'),
(101, 1, '2026-06-18', 7, 2.49, '2026-06-18 05:54:32', '2026-06-18 05:54:32'),
(102, 1, '2026-06-18', 8, 2.02, '2026-06-18 05:54:32', '2026-06-18 05:54:32'),
(103, 1, '2026-06-18', 9, 2.66, '2026-06-18 05:54:32', '2026-06-18 05:54:32'),
(104, 1, '2026-06-18', 10, 1.31, '2026-06-18 05:54:32', '2026-06-18 05:54:32'),
(105, 1, '2026-06-18', 11, 1.23, '2026-06-18 05:54:32', '2026-06-18 05:54:32'),
(106, 1, '2026-06-18', 12, 4.47, '2026-06-18 05:54:32', '2026-06-18 05:54:32'),
(107, 1, '2026-06-18', 13, 5.96, '2026-06-18 05:54:32', '2026-06-18 05:54:32'),
(108, 1, '2026-06-18', 14, 4.39, '2026-06-18 05:54:32', '2026-06-18 05:54:32'),
(109, 1, '2026-06-18', 15, 0.53, '2026-06-18 05:54:32', '2026-06-18 05:54:32'),
(110, 1, '2026-06-18', 16, 1.07, '2026-06-18 05:54:32', '2026-06-18 05:54:32'),
(111, 1, '2026-06-18', 17, 1.27, '2026-06-18 05:54:32', '2026-06-18 05:54:32'),
(112, 1, '2026-06-18', 18, 3.23, '2026-06-18 05:54:32', '2026-06-18 05:54:32'),
(113, 1, '2026-06-18', 19, 3.55, '2026-06-18 05:54:32', '2026-06-18 05:54:32'),
(114, 1, '2026-06-18', 20, 3.06, '2026-06-18 05:54:32', '2026-06-18 05:54:32'),
(115, 1, '2026-06-18', 21, 3.64, '2026-06-18 05:54:32', '2026-06-18 05:54:32'),
(116, 1, '2026-06-18', 22, 1.01, '2026-06-18 05:54:32', '2026-06-18 05:54:32'),
(117, 1, '2026-06-18', 23, 1.08, '2026-06-18 05:54:32', '2026-06-18 05:54:32');

-- --------------------------------------------------------

--
-- Table structure for table `jobs`
--

CREATE TABLE `jobs` (
  `id` bigint(20) UNSIGNED NOT NULL,
  `queue` varchar(255) NOT NULL,
  `payload` longtext NOT NULL,
  `attempts` tinyint(3) UNSIGNED NOT NULL,
  `reserved_at` int(10) UNSIGNED DEFAULT NULL,
  `available_at` int(10) UNSIGNED NOT NULL,
  `created_at` int(10) UNSIGNED NOT NULL
) ENGINE=InnoDB DEFAULT CHARSET=utf8mb4 COLLATE=utf8mb4_unicode_ci;

-- --------------------------------------------------------

--
-- Table structure for table `job_batches`
--

CREATE TABLE `job_batches` (
  `id` varchar(255) NOT NULL,
  `name` varchar(255) NOT NULL,
  `total_jobs` int(11) NOT NULL,
  `pending_jobs` int(11) NOT NULL,
  `failed_jobs` int(11) NOT NULL,
  `failed_job_ids` longtext NOT NULL,
  `options` mediumtext DEFAULT NULL,
  `cancelled_at` int(11) DEFAULT NULL,
  `created_at` int(11) NOT NULL,
  `finished_at` int(11) DEFAULT NULL
) ENGINE=InnoDB DEFAULT CHARSET=utf8mb4 COLLATE=utf8mb4_unicode_ci;

-- --------------------------------------------------------

--
-- Table structure for table `migrations`
--

CREATE TABLE `migrations` (
  `id` int(10) UNSIGNED NOT NULL,
  `migration` varchar(255) NOT NULL,
  `batch` int(11) NOT NULL
) ENGINE=InnoDB DEFAULT CHARSET=utf8mb4 COLLATE=utf8mb4_unicode_ci;

--
-- Dumping data for table `migrations`
--

INSERT INTO `migrations` (`id`, `migration`, `batch`) VALUES
(1, '0001_01_01_000000_create_users_table', 1),
(2, '0001_01_01_000001_create_cache_table', 1),
(3, '0001_01_01_000002_create_jobs_table', 1),
(4, '2026_05_17_084012_create_personal_access_tokens_table', 1),
(5, '2026_05_17_114316_create_devices_table', 1),
(6, '2026_05_17_114956_create_daily_usage_table', 1),
(7, '2026_05_17_114957_create_device_readings_table', 2),
(8, '2026_05_17_114958_create_alerts_table', 3),
(9, '2026_05_21_155640_create_weekly_usage_table', 4),
(10, '2026_05_21_155641_create_monthly_usage_table', 5),
(11, '2026_05_21_155642_create_tariff_rates_table', 6),
(12, '2026_05_21_155643_create_energy_targets_table', 7),
(13, '2026_05_21_155644_create_recommendations_table', 8),
(14, '2026_05_27_072612_create_energy_savings_table', 9),
(15, '2026_05_27_072613_create_hourly_usage_table', 10);

-- --------------------------------------------------------

--
-- Table structure for table `monthly_usage`
--

CREATE TABLE `monthly_usage` (
  `id` bigint(20) UNSIGNED NOT NULL,
  `user_id` bigint(20) UNSIGNED NOT NULL,
  `month` date NOT NULL,
  `total_kwh` decimal(10,2) NOT NULL DEFAULT 0.00,
  `total_cost` decimal(10,2) NOT NULL DEFAULT 0.00,
  `created_at` timestamp NULL DEFAULT NULL,
  `updated_at` timestamp NULL DEFAULT NULL
) ENGINE=InnoDB DEFAULT CHARSET=utf8mb4 COLLATE=utf8mb4_unicode_ci;

--
-- Dumping data for table `monthly_usage`
--

INSERT INTO `monthly_usage` (`id`, `user_id`, `month`, `total_kwh`, `total_cost`, `created_at`, `updated_at`) VALUES
(1, 1, '2026-06-01', 789.00, 118.35, '2026-06-17 14:48:08', '2026-06-17 14:48:08'),
(2, 1, '2026-05-01', 511.00, 76.65, '2026-06-17 14:48:08', '2026-06-17 14:48:08'),
(3, 1, '2026-04-01', 544.00, 81.60, '2026-06-17 14:48:08', '2026-06-17 14:48:08'),
(4, 1, '2026-03-01', 512.00, 76.80, '2026-06-17 14:48:08', '2026-06-17 14:48:08'),
(5, 1, '2026-02-01', 674.00, 101.10, '2026-06-17 14:48:08', '2026-06-17 14:48:08'),
(6, 1, '2026-01-01', 607.00, 91.05, '2026-06-17 14:48:08', '2026-06-17 14:48:08'),
(7, 1, '2026-06-01', 501.00, 107.25, '2026-06-17 17:53:14', '2026-06-17 17:53:14'),
(8, 1, '2026-05-01', 775.00, 124.50, '2026-06-17 17:53:14', '2026-06-17 17:53:14'),
(9, 1, '2026-04-01', 526.00, 125.70, '2026-06-17 17:53:14', '2026-06-17 17:53:14'),
(10, 1, '2026-03-01', 515.00, 114.15, '2026-06-17 17:53:14', '2026-06-17 17:53:14'),
(11, 1, '2026-02-01', 559.00, 121.80, '2026-06-17 17:53:14', '2026-06-17 17:53:14'),
(12, 1, '2026-01-01', 683.00, 131.85, '2026-06-17 17:53:14', '2026-06-17 17:53:14'),
(14, 1, '2026-06-01', 562.00, 96.75, '2026-06-17 21:46:50', '2026-06-17 21:46:50'),
(15, 1, '2026-05-01', 640.00, 114.45, '2026-06-17 21:46:50', '2026-06-17 21:46:50'),
(16, 1, '2026-04-01', 598.00, 89.85, '2026-06-17 21:46:50', '2026-06-17 21:46:50'),
(17, 1, '2026-03-01', 704.00, 123.75, '2026-06-17 21:46:50', '2026-06-17 21:46:50'),
(18, 1, '2026-02-01', 710.00, 86.40, '2026-06-17 21:46:50', '2026-06-17 21:46:50'),
(19, 1, '2026-01-01', 649.00, 93.00, '2026-06-17 21:46:50', '2026-06-17 21:46:50'),
(21, 1, '2026-06-01', 584.00, 108.30, '2026-06-18 05:29:12', '2026-06-18 05:29:12'),
(22, 1, '2026-05-01', 556.00, 77.25, '2026-06-18 05:29:12', '2026-06-18 05:29:12'),
(23, 1, '2026-04-01', 808.00, 119.25, '2026-06-18 05:29:12', '2026-06-18 05:29:12'),
(24, 1, '2026-03-01', 651.00, 115.35, '2026-06-18 05:29:12', '2026-06-18 05:29:12'),
(25, 1, '2026-02-01', 593.00, 84.00, '2026-06-18 05:29:12', '2026-06-18 05:29:12'),
(26, 1, '2026-01-01', 522.00, 124.20, '2026-06-18 05:29:12', '2026-06-18 05:29:12'),
(28, 1, '2026-06-01', 725.00, 87.45, '2026-06-18 05:31:03', '2026-06-18 05:31:03'),
(29, 1, '2026-05-01', 639.00, 81.90, '2026-06-18 05:31:03', '2026-06-18 05:31:03'),
(30, 1, '2026-04-01', 714.00, 94.95, '2026-06-18 05:31:03', '2026-06-18 05:31:03'),
(31, 1, '2026-03-01', 525.00, 93.90, '2026-06-18 05:31:03', '2026-06-18 05:31:03'),
(32, 1, '2026-02-01', 654.00, 134.25, '2026-06-18 05:31:03', '2026-06-18 05:31:03'),
(33, 1, '2026-01-01', 812.00, 131.55, '2026-06-18 05:31:03', '2026-06-18 05:31:03'),
(35, 1, '2026-06-01', 575.00, 124.35, '2026-06-18 05:42:20', '2026-06-18 05:42:20'),
(36, 1, '2026-05-01', 721.00, 93.00, '2026-06-18 05:42:20', '2026-06-18 05:42:20'),
(37, 1, '2026-04-01', 838.00, 94.05, '2026-06-18 05:42:20', '2026-06-18 05:42:20'),
(38, 1, '2026-03-01', 525.00, 96.30, '2026-06-18 05:42:20', '2026-06-18 05:42:20'),
(39, 1, '2026-02-01', 738.00, 129.15, '2026-06-18 05:42:20', '2026-06-18 05:42:20'),
(40, 1, '2026-01-01', 795.00, 133.80, '2026-06-18 05:42:20', '2026-06-18 05:42:20'),
(42, 1, '2026-06-01', 894.00, 121.50, '2026-06-18 05:43:34', '2026-06-18 05:43:34'),
(43, 1, '2026-05-01', 869.00, 92.25, '2026-06-18 05:43:34', '2026-06-18 05:43:34'),
(44, 1, '2026-04-01', 768.00, 104.10, '2026-06-18 05:43:34', '2026-06-18 05:43:34'),
(45, 1, '2026-03-01', 670.00, 114.75, '2026-06-18 05:43:34', '2026-06-18 05:43:34'),
(46, 1, '2026-02-01', 516.00, 88.20, '2026-06-18 05:43:34', '2026-06-18 05:43:34'),
(47, 1, '2026-01-01', 890.00, 88.20, '2026-06-18 05:43:34', '2026-06-18 05:43:34'),
(49, 1, '2026-06-01', 517.00, 85.35, '2026-06-18 05:48:17', '2026-06-18 05:48:17'),
(50, 1, '2026-05-01', 792.00, 83.40, '2026-06-18 05:48:17', '2026-06-18 05:48:17'),
(51, 1, '2026-04-01', 702.00, 81.60, '2026-06-18 05:48:17', '2026-06-18 05:48:17'),
(52, 1, '2026-03-01', 514.00, 126.00, '2026-06-18 05:48:17', '2026-06-18 05:48:17'),
(53, 1, '2026-02-01', 557.00, 85.20, '2026-06-18 05:48:17', '2026-06-18 05:48:17'),
(54, 1, '2026-01-01', 668.00, 110.25, '2026-06-18 05:48:17', '2026-06-18 05:48:17'),
(56, 1, '2026-06-01', 703.00, 82.50, '2026-06-18 05:49:43', '2026-06-18 05:49:43'),
(57, 1, '2026-05-01', 542.00, 83.85, '2026-06-18 05:49:43', '2026-06-18 05:49:43'),
(58, 1, '2026-04-01', 669.00, 115.50, '2026-06-18 05:49:43', '2026-06-18 05:49:43'),
(59, 1, '2026-03-01', 544.00, 106.65, '2026-06-18 05:49:43', '2026-06-18 05:49:43'),
(60, 1, '2026-02-01', 625.00, 133.35, '2026-06-18 05:49:43', '2026-06-18 05:49:43'),
(61, 1, '2026-01-01', 872.00, 118.80, '2026-06-18 05:49:43', '2026-06-18 05:49:43'),
(63, 1, '2026-06-01', 867.00, 129.90, '2026-06-18 05:51:02', '2026-06-18 05:51:02'),
(64, 1, '2026-05-01', 827.00, 95.55, '2026-06-18 05:51:02', '2026-06-18 05:51:02'),
(65, 1, '2026-04-01', 605.00, 92.10, '2026-06-18 05:51:02', '2026-06-18 05:51:02'),
(66, 1, '2026-03-01', 756.00, 95.70, '2026-06-18 05:51:02', '2026-06-18 05:51:02'),
(67, 1, '2026-02-01', 822.00, 134.70, '2026-06-18 05:51:02', '2026-06-18 05:51:02'),
(68, 1, '2026-01-01', 724.00, 124.05, '2026-06-18 05:51:02', '2026-06-18 05:51:02'),
(70, 1, '2026-06-01', 733.00, 133.35, '2026-06-18 05:54:14', '2026-06-18 05:54:14'),
(71, 1, '2026-05-01', 545.00, 114.00, '2026-06-18 05:54:14', '2026-06-18 05:54:14'),
(72, 1, '2026-04-01', 863.00, 110.70, '2026-06-18 05:54:14', '2026-06-18 05:54:14'),
(73, 1, '2026-03-01', 599.00, 102.30, '2026-06-18 05:54:14', '2026-06-18 05:54:14'),
(74, 1, '2026-02-01', 715.00, 94.65, '2026-06-18 05:54:14', '2026-06-18 05:54:14'),
(75, 1, '2026-01-01', 508.00, 81.90, '2026-06-18 05:54:14', '2026-06-18 05:54:14');

-- --------------------------------------------------------

--
-- Table structure for table `password_reset_tokens`
--

CREATE TABLE `password_reset_tokens` (
  `email` varchar(255) NOT NULL,
  `token` varchar(255) NOT NULL,
  `created_at` timestamp NULL DEFAULT NULL
) ENGINE=InnoDB DEFAULT CHARSET=utf8mb4 COLLATE=utf8mb4_unicode_ci;

-- --------------------------------------------------------

--
-- Table structure for table `personal_access_tokens`
--

CREATE TABLE `personal_access_tokens` (
  `id` bigint(20) UNSIGNED NOT NULL,
  `tokenable_type` varchar(255) NOT NULL,
  `tokenable_id` bigint(20) UNSIGNED NOT NULL,
  `name` text NOT NULL,
  `token` varchar(64) NOT NULL,
  `abilities` text DEFAULT NULL,
  `last_used_at` timestamp NULL DEFAULT NULL,
  `expires_at` timestamp NULL DEFAULT NULL,
  `created_at` timestamp NULL DEFAULT NULL,
  `updated_at` timestamp NULL DEFAULT NULL
) ENGINE=InnoDB DEFAULT CHARSET=utf8mb4 COLLATE=utf8mb4_unicode_ci;

-- --------------------------------------------------------

--
-- Table structure for table `recommendations`
--

CREATE TABLE `recommendations` (
  `id` bigint(20) UNSIGNED NOT NULL,
  `user_id` bigint(20) UNSIGNED NOT NULL,
  `title` varchar(255) NOT NULL,
  `description` text NOT NULL,
  `potential_savings` decimal(10,2) DEFAULT NULL,
  `is_read` tinyint(1) NOT NULL DEFAULT 0,
  `created_at` timestamp NULL DEFAULT NULL,
  `updated_at` timestamp NULL DEFAULT NULL
) ENGINE=InnoDB DEFAULT CHARSET=utf8mb4 COLLATE=utf8mb4_unicode_ci;

--
-- Dumping data for table `recommendations`
--

INSERT INTO `recommendations` (`id`, `user_id`, `title`, `description`, `potential_savings`, `is_read`, `created_at`, `updated_at`) VALUES
(1, 1, 'Reduce AC usage during peak hours', 'Your AC consumed 4.8 kWh during peak hours. Shift usage to off-peak to save money.', 15.50, 0, '2026-06-17 14:48:12', '2026-06-17 14:48:12'),
(2, 1, 'Shift laundry to off-peak hours', 'Running your washing machine after 11 PM can save you up to $8 per month.', 8.20, 0, '2026-06-17 14:48:12', '2026-06-17 14:48:12'),
(3, 1, 'Smart plug for standby devices', 'Devices in standby mode consume up to 10% of your energy bill. Use smart plugs to cut power.', 12.00, 0, '2026-06-17 14:48:12', '2026-06-17 14:48:12'),
(4, 1, 'Reduce AC usage during peak hours', 'Your AC consumed 4.8 kWh during peak hours. Shift usage to off-peak to save money.', 15.50, 0, '2026-06-18 05:56:54', '2026-06-18 05:56:54'),
(5, 1, 'Shift laundry to off-peak hours', 'Running your washing machine after 11 PM can save you up to $8 per month.', 8.20, 0, '2026-06-18 05:56:54', '2026-06-18 05:56:54'),
(6, 1, 'Smart plug for standby devices', 'Devices in standby mode consume up to 10% of your energy bill. Use smart plugs to cut power.', 12.00, 0, '2026-06-18 05:56:54', '2026-06-18 05:56:54');

-- --------------------------------------------------------

--
-- Table structure for table `sessions`
--

CREATE TABLE `sessions` (
  `id` varchar(255) NOT NULL,
  `user_id` bigint(20) UNSIGNED DEFAULT NULL,
  `ip_address` varchar(45) DEFAULT NULL,
  `user_agent` text DEFAULT NULL,
  `payload` longtext NOT NULL,
  `last_activity` int(11) NOT NULL
) ENGINE=InnoDB DEFAULT CHARSET=utf8mb4 COLLATE=utf8mb4_unicode_ci;

-- --------------------------------------------------------

--
-- Table structure for table `tariff_rates`
--

CREATE TABLE `tariff_rates` (
  `id` bigint(20) UNSIGNED NOT NULL,
  `time_start` time NOT NULL,
  `time_end` time NOT NULL,
  `rate` decimal(10,4) NOT NULL,
  `description` varchar(255) DEFAULT NULL,
  `created_at` timestamp NULL DEFAULT NULL,
  `updated_at` timestamp NULL DEFAULT NULL
) ENGINE=InnoDB DEFAULT CHARSET=utf8mb4 COLLATE=utf8mb4_unicode_ci;

--
-- Dumping data for table `tariff_rates`
--

INSERT INTO `tariff_rates` (`id`, `time_start`, `time_end`, `rate`, `description`, `created_at`, `updated_at`) VALUES
(1, '00:00:00', '05:00:00', 0.0800, 'Off-peak - very low', '2026-06-17 14:48:10', '2026-06-17 14:48:10'),
(2, '05:00:00', '10:00:00', 0.1200, 'Morning - moderate', '2026-06-17 14:48:10', '2026-06-17 14:48:10'),
(3, '10:00:00', '15:00:00', 0.1800, 'Peak - high', '2026-06-17 14:48:10', '2026-06-17 14:48:10'),
(4, '15:00:00', '20:00:00', 0.1800, 'Evening peak - high', '2026-06-17 14:48:10', '2026-06-17 14:48:10'),
(5, '20:00:00', '23:59:59', 0.1000, 'Night - low', '2026-06-17 14:48:10', '2026-06-17 14:48:10'),
(6, '00:00:00', '05:00:00', 0.0800, 'Off-peak - very low', '2026-06-18 05:48:17', '2026-06-18 05:48:17'),
(7, '05:00:00', '10:00:00', 0.1200, 'Morning - moderate', '2026-06-18 05:48:17', '2026-06-18 05:48:17'),
(8, '10:00:00', '15:00:00', 0.1800, 'Peak - high', '2026-06-18 05:48:17', '2026-06-18 05:48:17'),
(9, '15:00:00', '20:00:00', 0.1800, 'Evening peak - high', '2026-06-18 05:48:17', '2026-06-18 05:48:17'),
(10, '20:00:00', '23:59:59', 0.1000, 'Night - low', '2026-06-18 05:48:17', '2026-06-18 05:48:17'),
(11, '00:00:00', '05:00:00', 0.0800, 'Off-peak - very low', '2026-06-18 05:49:43', '2026-06-18 05:49:43'),
(12, '05:00:00', '10:00:00', 0.1200, 'Morning - moderate', '2026-06-18 05:49:43', '2026-06-18 05:49:43'),
(13, '10:00:00', '15:00:00', 0.1800, 'Peak - high', '2026-06-18 05:49:43', '2026-06-18 05:49:43'),
(14, '15:00:00', '20:00:00', 0.1800, 'Evening peak - high', '2026-06-18 05:49:43', '2026-06-18 05:49:43'),
(15, '20:00:00', '23:59:59', 0.1000, 'Night - low', '2026-06-18 05:49:43', '2026-06-18 05:49:43'),
(16, '00:00:00', '05:00:00', 0.0800, 'Off-peak - very low', '2026-06-18 05:56:06', '2026-06-18 05:56:06'),
(17, '05:00:00', '10:00:00', 0.1200, 'Morning - moderate', '2026-06-18 05:56:06', '2026-06-18 05:56:06'),
(18, '10:00:00', '15:00:00', 0.1800, 'Peak - high', '2026-06-18 05:56:06', '2026-06-18 05:56:06'),
(19, '15:00:00', '20:00:00', 0.1800, 'Evening peak - high', '2026-06-18 05:56:06', '2026-06-18 05:56:06'),
(20, '20:00:00', '23:59:59', 0.1000, 'Night - low', '2026-06-18 05:56:06', '2026-06-18 05:56:06');

-- --------------------------------------------------------

--
-- Table structure for table `users`
--

CREATE TABLE `users` (
  `id` bigint(20) UNSIGNED NOT NULL,
  `name` varchar(255) NOT NULL,
  `email` varchar(255) NOT NULL,
  `email_verified_at` timestamp NULL DEFAULT NULL,
  `password` varchar(255) NOT NULL,
  `remember_token` varchar(100) DEFAULT NULL,
  `created_at` timestamp NULL DEFAULT NULL,
  `updated_at` timestamp NULL DEFAULT NULL
) ENGINE=InnoDB DEFAULT CHARSET=utf8mb4 COLLATE=utf8mb4_unicode_ci;

--
-- Dumping data for table `users`
--

INSERT INTO `users` (`id`, `name`, `email`, `email_verified_at`, `password`, `remember_token`, `created_at`, `updated_at`) VALUES
(1, 'Test User', 'test@example.com', '2026-06-17 14:13:42', '$2y$10$92IXUNpkjO0rOQ5byMi.Ye4oKoEa3Ro9llC/.og/at2.uheWG/igi', 'MMU8mMrKIW', '2026-06-17 14:13:43', '2026-06-17 14:13:43'),
(4, 'Admin User', 'admin@ecosmart.com', '2026-06-18 08:46:05', '$2y$10$92IXUNpkjO0rOQ5byMi.Ye4oKoEa3Ro9llC/.og/at2.uheWG/igi', NULL, '2026-06-18 08:46:05', '2026-06-18 08:46:05'),
(5, 'Admin', '	admin@test.com', '2026-06-19 07:52:45', '$2y$10$92IXUNpkjO0rOQ5byMi.Ye4oKoEa3Ro9llC/.og/at2.uheWG/igi', NULL, '2026-06-19 07:52:45', '2026-06-19 07:52:45'),
(6, 'Test User 2', 'test2@example.com', '2026-06-18 08:46:32', '$2y$10$92IXUNpkjO0rOQ5byMi.Ye4oKoEa3Ro9llC/.og/at2.uheWG/igi', NULL, '2026-06-18 08:46:32', '2026-06-18 08:46:32');

-- --------------------------------------------------------

--
-- Table structure for table `weekly_usage`
--

CREATE TABLE `weekly_usage` (
  `id` bigint(20) UNSIGNED NOT NULL,
  `user_id` bigint(20) UNSIGNED NOT NULL,
  `week_start` date NOT NULL,
  `week_end` date NOT NULL,
  `total_kwh` decimal(10,2) NOT NULL DEFAULT 0.00,
  `total_cost` decimal(10,2) NOT NULL DEFAULT 0.00,
  `created_at` timestamp NULL DEFAULT NULL,
  `updated_at` timestamp NULL DEFAULT NULL
) ENGINE=InnoDB DEFAULT CHARSET=utf8mb4 COLLATE=utf8mb4_unicode_ci;

--
-- Dumping data for table `weekly_usage`
--

INSERT INTO `weekly_usage` (`id`, `user_id`, `week_start`, `week_end`, `total_kwh`, `total_cost`, `created_at`, `updated_at`) VALUES
(1, 1, '2026-06-15', '2026-06-21', 181.00, 27.15, '2026-06-17 14:48:06', '2026-06-17 14:48:06'),
(2, 1, '2026-06-08', '2026-06-14', 238.00, 35.70, '2026-06-17 14:48:07', '2026-06-17 14:48:07'),
(3, 1, '2026-06-01', '2026-06-07', 241.00, 36.15, '2026-06-17 14:48:07', '2026-06-17 14:48:07'),
(4, 1, '2026-05-25', '2026-05-31', 164.00, 24.60, '2026-06-17 14:48:07', '2026-06-17 14:48:07'),
(5, 1, '2026-05-18', '2026-05-24', 185.00, 27.75, '2026-06-17 14:48:07', '2026-06-17 14:48:07'),
(6, 1, '2026-05-11', '2026-05-17', 235.00, 35.25, '2026-06-17 14:48:07', '2026-06-17 14:48:07'),
(7, 1, '2026-05-04', '2026-05-10', 229.00, 34.35, '2026-06-17 14:48:07', '2026-06-17 14:48:07'),
(8, 1, '2026-04-27', '2026-05-03', 151.00, 22.65, '2026-06-17 14:48:07', '2026-06-17 14:48:07'),
(9, 1, '2026-06-17', '2026-06-23', 171.00, 34.05, '2026-06-17 17:52:44', '2026-06-17 17:52:44'),
(10, 1, '2026-06-10', '2026-06-16', 174.00, 36.00, '2026-06-17 17:52:44', '2026-06-17 17:52:44'),
(11, 1, '2026-06-03', '2026-06-09', 228.00, 25.35, '2026-06-17 17:52:44', '2026-06-17 17:52:44'),
(12, 1, '2026-05-27', '2026-06-02', 213.00, 31.35, '2026-06-17 17:52:44', '2026-06-17 17:52:44'),
(13, 1, '2026-05-20', '2026-05-26', 158.00, 31.80, '2026-06-17 17:52:44', '2026-06-17 17:52:44'),
(14, 1, '2026-05-13', '2026-05-19', 235.00, 28.65, '2026-06-17 17:52:44', '2026-06-17 17:52:44'),
(15, 1, '2026-05-06', '2026-05-12', 202.00, 27.75, '2026-06-17 17:52:44', '2026-06-17 17:52:44'),
(16, 1, '2026-04-29', '2026-05-05', 170.00, 37.20, '2026-06-17 17:52:44', '2026-06-17 17:52:44'),
(24, 1, '2026-06-18', '2026-06-24', 186.00, 24.15, '2026-06-17 21:46:34', '2026-06-17 21:46:34'),
(25, 1, '2026-06-11', '2026-06-17', 195.00, 36.90, '2026-06-17 21:46:34', '2026-06-17 21:46:34'),
(26, 1, '2026-06-04', '2026-06-10', 192.00, 26.25, '2026-06-17 21:46:34', '2026-06-17 21:46:34'),
(27, 1, '2026-05-28', '2026-06-03', 247.00, 24.30, '2026-06-17 21:46:34', '2026-06-17 21:46:34'),
(28, 1, '2026-05-21', '2026-05-27', 218.00, 23.10, '2026-06-17 21:46:34', '2026-06-17 21:46:34'),
(29, 1, '2026-05-14', '2026-05-20', 170.00, 35.25, '2026-06-17 21:46:34', '2026-06-17 21:46:34'),
(30, 1, '2026-05-07', '2026-05-13', 217.00, 34.65, '2026-06-17 21:46:34', '2026-06-17 21:46:34'),
(31, 1, '2026-04-30', '2026-05-06', 154.00, 33.90, '2026-06-17 21:46:34', '2026-06-17 21:46:34'),
(39, 1, '2026-06-18', '2026-06-24', 193.00, 22.65, '2026-06-18 05:29:12', '2026-06-18 05:29:12'),
(40, 1, '2026-06-11', '2026-06-17', 228.00, 35.55, '2026-06-18 05:29:12', '2026-06-18 05:29:12'),
(41, 1, '2026-06-04', '2026-06-10', 152.00, 30.15, '2026-06-18 05:29:12', '2026-06-18 05:29:12'),
(42, 1, '2026-05-28', '2026-06-03', 200.00, 36.75, '2026-06-18 05:29:12', '2026-06-18 05:29:12'),
(43, 1, '2026-05-21', '2026-05-27', 176.00, 29.55, '2026-06-18 05:29:12', '2026-06-18 05:29:12'),
(44, 1, '2026-05-14', '2026-05-20', 208.00, 29.70, '2026-06-18 05:29:12', '2026-06-18 05:29:12'),
(45, 1, '2026-05-07', '2026-05-13', 216.00, 35.70, '2026-06-18 05:29:12', '2026-06-18 05:29:12'),
(46, 1, '2026-04-30', '2026-05-06', 193.00, 30.00, '2026-06-18 05:29:12', '2026-06-18 05:29:12'),
(54, 1, '2026-06-18', '2026-06-24', 231.00, 36.00, '2026-06-18 05:31:03', '2026-06-18 05:31:03'),
(55, 1, '2026-06-11', '2026-06-17', 155.00, 30.75, '2026-06-18 05:31:03', '2026-06-18 05:31:03'),
(56, 1, '2026-06-04', '2026-06-10', 210.00, 27.75, '2026-06-18 05:31:03', '2026-06-18 05:31:03'),
(57, 1, '2026-05-28', '2026-06-03', 248.00, 34.95, '2026-06-18 05:31:03', '2026-06-18 05:31:03'),
(58, 1, '2026-05-21', '2026-05-27', 170.00, 30.75, '2026-06-18 05:31:03', '2026-06-18 05:31:03'),
(59, 1, '2026-05-14', '2026-05-20', 165.00, 24.15, '2026-06-18 05:31:03', '2026-06-18 05:31:03'),
(60, 1, '2026-05-07', '2026-05-13', 162.00, 26.40, '2026-06-18 05:31:03', '2026-06-18 05:31:03'),
(61, 1, '2026-04-30', '2026-05-06', 243.00, 35.55, '2026-06-18 05:31:03', '2026-06-18 05:31:03'),
(69, 1, '2026-06-18', '2026-06-24', 173.00, 33.60, '2026-06-18 05:42:20', '2026-06-18 05:42:20'),
(70, 1, '2026-06-11', '2026-06-17', 150.00, 34.50, '2026-06-18 05:42:20', '2026-06-18 05:42:20'),
(71, 1, '2026-06-04', '2026-06-10', 150.00, 31.50, '2026-06-18 05:42:20', '2026-06-18 05:42:20'),
(72, 1, '2026-05-28', '2026-06-03', 153.00, 27.45, '2026-06-18 05:42:20', '2026-06-18 05:42:20'),
(73, 1, '2026-05-21', '2026-05-27', 208.00, 36.00, '2026-06-18 05:42:20', '2026-06-18 05:42:20'),
(74, 1, '2026-05-14', '2026-05-20', 225.00, 23.85, '2026-06-18 05:42:20', '2026-06-18 05:42:20'),
(75, 1, '2026-05-07', '2026-05-13', 169.00, 32.85, '2026-06-18 05:42:20', '2026-06-18 05:42:20'),
(76, 1, '2026-04-30', '2026-05-06', 239.00, 28.05, '2026-06-18 05:42:20', '2026-06-18 05:42:20'),
(84, 1, '2026-06-18', '2026-06-24', 237.00, 37.05, '2026-06-18 05:43:33', '2026-06-18 05:43:33'),
(85, 1, '2026-06-11', '2026-06-17', 174.00, 26.85, '2026-06-18 05:43:33', '2026-06-18 05:43:33'),
(86, 1, '2026-06-04', '2026-06-10', 222.00, 33.60, '2026-06-18 05:43:33', '2026-06-18 05:43:33'),
(87, 1, '2026-05-28', '2026-06-03', 205.00, 30.30, '2026-06-18 05:43:33', '2026-06-18 05:43:33'),
(88, 1, '2026-05-21', '2026-05-27', 245.00, 25.65, '2026-06-18 05:43:33', '2026-06-18 05:43:33'),
(89, 1, '2026-05-14', '2026-05-20', 170.00, 28.20, '2026-06-18 05:43:33', '2026-06-18 05:43:33'),
(90, 1, '2026-05-07', '2026-05-13', 181.00, 28.95, '2026-06-18 05:43:33', '2026-06-18 05:43:33'),
(91, 1, '2026-04-30', '2026-05-06', 170.00, 33.15, '2026-06-18 05:43:33', '2026-06-18 05:43:33'),
(99, 1, '2026-06-18', '2026-06-24', 199.00, 26.55, '2026-06-18 05:48:17', '2026-06-18 05:48:17'),
(100, 1, '2026-06-11', '2026-06-17', 238.00, 31.50, '2026-06-18 05:48:17', '2026-06-18 05:48:17'),
(101, 1, '2026-06-04', '2026-06-10', 185.00, 36.90, '2026-06-18 05:48:17', '2026-06-18 05:48:17'),
(102, 1, '2026-05-28', '2026-06-03', 226.00, 36.15, '2026-06-18 05:48:17', '2026-06-18 05:48:17'),
(103, 1, '2026-05-21', '2026-05-27', 178.00, 32.55, '2026-06-18 05:48:17', '2026-06-18 05:48:17'),
(104, 1, '2026-05-14', '2026-05-20', 200.00, 30.00, '2026-06-18 05:48:17', '2026-06-18 05:48:17'),
(105, 1, '2026-05-07', '2026-05-13', 153.00, 32.10, '2026-06-18 05:48:17', '2026-06-18 05:48:17'),
(106, 1, '2026-04-30', '2026-05-06', 162.00, 32.70, '2026-06-18 05:48:17', '2026-06-18 05:48:17'),
(114, 1, '2026-06-18', '2026-06-24', 228.00, 30.60, '2026-06-18 05:49:43', '2026-06-18 05:49:43'),
(115, 1, '2026-06-11', '2026-06-17', 186.00, 25.35, '2026-06-18 05:49:43', '2026-06-18 05:49:43'),
(116, 1, '2026-06-04', '2026-06-10', 239.00, 35.25, '2026-06-18 05:49:43', '2026-06-18 05:49:43'),
(117, 1, '2026-05-28', '2026-06-03', 211.00, 30.00, '2026-06-18 05:49:43', '2026-06-18 05:49:43'),
(118, 1, '2026-05-21', '2026-05-27', 217.00, 35.10, '2026-06-18 05:49:43', '2026-06-18 05:49:43'),
(119, 1, '2026-05-14', '2026-05-20', 173.00, 31.50, '2026-06-18 05:49:43', '2026-06-18 05:49:43'),
(120, 1, '2026-05-07', '2026-05-13', 184.00, 36.00, '2026-06-18 05:49:43', '2026-06-18 05:49:43'),
(121, 1, '2026-04-30', '2026-05-06', 200.00, 34.50, '2026-06-18 05:49:43', '2026-06-18 05:49:43'),
(129, 1, '2026-06-18', '2026-06-24', 202.00, 36.90, '2026-06-18 05:51:02', '2026-06-18 05:51:02'),
(130, 1, '2026-06-11', '2026-06-17', 173.00, 26.40, '2026-06-18 05:51:02', '2026-06-18 05:51:02'),
(131, 1, '2026-06-04', '2026-06-10', 214.00, 28.50, '2026-06-18 05:51:02', '2026-06-18 05:51:02'),
(132, 1, '2026-05-28', '2026-06-03', 159.00, 26.40, '2026-06-18 05:51:02', '2026-06-18 05:51:02'),
(133, 1, '2026-05-21', '2026-05-27', 154.00, 28.95, '2026-06-18 05:51:02', '2026-06-18 05:51:02'),
(134, 1, '2026-05-14', '2026-05-20', 152.00, 34.95, '2026-06-18 05:51:02', '2026-06-18 05:51:02'),
(135, 1, '2026-05-07', '2026-05-13', 158.00, 36.45, '2026-06-18 05:51:02', '2026-06-18 05:51:02'),
(136, 1, '2026-04-30', '2026-05-06', 190.00, 25.80, '2026-06-18 05:51:02', '2026-06-18 05:51:02'),
(144, 1, '2026-06-18', '2026-06-24', 211.00, 29.10, '2026-06-18 05:54:00', '2026-06-18 05:54:00'),
(145, 1, '2026-06-11', '2026-06-17', 186.00, 29.70, '2026-06-18 05:54:00', '2026-06-18 05:54:00'),
(146, 1, '2026-06-04', '2026-06-10', 185.00, 27.00, '2026-06-18 05:54:00', '2026-06-18 05:54:00'),
(147, 1, '2026-05-28', '2026-06-03', 197.00, 29.10, '2026-06-18 05:54:00', '2026-06-18 05:54:00'),
(148, 1, '2026-05-21', '2026-05-27', 232.00, 33.90, '2026-06-18 05:54:00', '2026-06-18 05:54:00'),
(149, 1, '2026-05-14', '2026-05-20', 187.00, 30.75, '2026-06-18 05:54:00', '2026-06-18 05:54:00'),
(150, 1, '2026-05-07', '2026-05-13', 217.00, 32.85, '2026-06-18 05:54:00', '2026-06-18 05:54:00'),
(151, 1, '2026-04-30', '2026-05-06', 196.00, 26.25, '2026-06-18 05:54:00', '2026-06-18 05:54:00');

--
-- Indexes for dumped tables
--

--
-- Indexes for table `alerts`
--
ALTER TABLE `alerts`
  ADD PRIMARY KEY (`id`),
  ADD KEY `alerts_device_id_foreign` (`device_id`),
  ADD KEY `user_id` (`user_id`);

--
-- Indexes for table `appliances`
--
ALTER TABLE `appliances`
  ADD PRIMARY KEY (`id`),
  ADD KEY `appliances_user_id_foreign` (`user_id`),
  ADD KEY `appliances_device_id_foreign` (`device_id`);

--
-- Indexes for table `cache`
--
ALTER TABLE `cache`
  ADD PRIMARY KEY (`key`),
  ADD KEY `cache_expiration_index` (`expiration`);

--
-- Indexes for table `cache_locks`
--
ALTER TABLE `cache_locks`
  ADD PRIMARY KEY (`key`),
  ADD KEY `cache_locks_expiration_index` (`expiration`);

--
-- Indexes for table `daily_usage`
--
ALTER TABLE `daily_usage`
  ADD PRIMARY KEY (`id`),
  ADD KEY `user_id` (`user_id`);

--
-- Indexes for table `devices`
--
ALTER TABLE `devices`
  ADD PRIMARY KEY (`id`),
  ADD KEY `user_id` (`user_id`);

--
-- Indexes for table `device_logs`
--
ALTER TABLE `device_logs`
  ADD PRIMARY KEY (`id`),
  ADD KEY `device_logs_device_id_foreign` (`device_id`);

--
-- Indexes for table `device_readings`
--
ALTER TABLE `device_readings`
  ADD PRIMARY KEY (`id`),
  ADD KEY `device_readings_device_id_foreign` (`device_id`);

--
-- Indexes for table `energy_reductions`
--
ALTER TABLE `energy_reductions`
  ADD PRIMARY KEY (`id`),
  ADD KEY `energy_reductions_user_id_foreign` (`user_id`);

--
-- Indexes for table `energy_savings`
--
ALTER TABLE `energy_savings`
  ADD PRIMARY KEY (`id`),
  ADD KEY `energy_savings_user_id_foreign` (`user_id`);

--
-- Indexes for table `energy_targets`
--
ALTER TABLE `energy_targets`
  ADD PRIMARY KEY (`id`),
  ADD UNIQUE KEY `energy_targets_user_id_month_unique` (`user_id`,`month`);

--
-- Indexes for table `failed_jobs`
--
ALTER TABLE `failed_jobs`
  ADD PRIMARY KEY (`id`),
  ADD UNIQUE KEY `failed_jobs_uuid_unique` (`uuid`);

--
-- Indexes for table `hourly_usage`
--
ALTER TABLE `hourly_usage`
  ADD PRIMARY KEY (`id`),
  ADD KEY `hourly_usage_user_id_foreign` (`user_id`);

--
-- Indexes for table `jobs`
--
ALTER TABLE `jobs`
  ADD PRIMARY KEY (`id`),
  ADD KEY `jobs_queue_index` (`queue`);

--
-- Indexes for table `job_batches`
--
ALTER TABLE `job_batches`
  ADD PRIMARY KEY (`id`);

--
-- Indexes for table `migrations`
--
ALTER TABLE `migrations`
  ADD PRIMARY KEY (`id`);

--
-- Indexes for table `monthly_usage`
--
ALTER TABLE `monthly_usage`
  ADD PRIMARY KEY (`id`),
  ADD KEY `monthly_usage_user_id_month_index` (`user_id`,`month`);

--
-- Indexes for table `password_reset_tokens`
--
ALTER TABLE `password_reset_tokens`
  ADD PRIMARY KEY (`email`);

--
-- Indexes for table `personal_access_tokens`
--
ALTER TABLE `personal_access_tokens`
  ADD PRIMARY KEY (`id`),
  ADD UNIQUE KEY `personal_access_tokens_token_unique` (`token`),
  ADD KEY `personal_access_tokens_tokenable_type_tokenable_id_index` (`tokenable_type`,`tokenable_id`),
  ADD KEY `personal_access_tokens_expires_at_index` (`expires_at`);

--
-- Indexes for table `recommendations`
--
ALTER TABLE `recommendations`
  ADD PRIMARY KEY (`id`),
  ADD KEY `recommendations_user_id_foreign` (`user_id`);

--
-- Indexes for table `sessions`
--
ALTER TABLE `sessions`
  ADD PRIMARY KEY (`id`),
  ADD KEY `sessions_user_id_index` (`user_id`),
  ADD KEY `sessions_last_activity_index` (`last_activity`);

--
-- Indexes for table `tariff_rates`
--
ALTER TABLE `tariff_rates`
  ADD PRIMARY KEY (`id`);

--
-- Indexes for table `users`
--
ALTER TABLE `users`
  ADD PRIMARY KEY (`id`),
  ADD UNIQUE KEY `users_email_unique` (`email`);

--
-- Indexes for table `weekly_usage`
--
ALTER TABLE `weekly_usage`
  ADD PRIMARY KEY (`id`),
  ADD KEY `weekly_usage_user_id_week_start_index` (`user_id`,`week_start`);

--
-- AUTO_INCREMENT for dumped tables
--

--
-- AUTO_INCREMENT for table `alerts`
--
ALTER TABLE `alerts`
  MODIFY `id` bigint(20) UNSIGNED NOT NULL AUTO_INCREMENT, AUTO_INCREMENT=21;

--
-- AUTO_INCREMENT for table `appliances`
--
ALTER TABLE `appliances`
  MODIFY `id` bigint(20) UNSIGNED NOT NULL AUTO_INCREMENT, AUTO_INCREMENT=12;

--
-- AUTO_INCREMENT for table `daily_usage`
--
ALTER TABLE `daily_usage`
  MODIFY `id` bigint(20) UNSIGNED NOT NULL AUTO_INCREMENT, AUTO_INCREMENT=62;

--
-- AUTO_INCREMENT for table `devices`
--
ALTER TABLE `devices`
  MODIFY `id` bigint(20) UNSIGNED NOT NULL AUTO_INCREMENT, AUTO_INCREMENT=10;

--
-- AUTO_INCREMENT for table `device_logs`
--
ALTER TABLE `device_logs`
  MODIFY `id` bigint(20) UNSIGNED NOT NULL AUTO_INCREMENT, AUTO_INCREMENT=296;

--
-- AUTO_INCREMENT for table `device_readings`
--
ALTER TABLE `device_readings`
  MODIFY `id` bigint(20) UNSIGNED NOT NULL AUTO_INCREMENT, AUTO_INCREMENT=281;

--
-- AUTO_INCREMENT for table `energy_reductions`
--
ALTER TABLE `energy_reductions`
  MODIFY `id` bigint(20) UNSIGNED NOT NULL AUTO_INCREMENT, AUTO_INCREMENT=5;

--
-- AUTO_INCREMENT for table `energy_savings`
--
ALTER TABLE `energy_savings`
  MODIFY `id` bigint(20) UNSIGNED NOT NULL AUTO_INCREMENT, AUTO_INCREMENT=3;

--
-- AUTO_INCREMENT for table `energy_targets`
--
ALTER TABLE `energy_targets`
  MODIFY `id` bigint(20) UNSIGNED NOT NULL AUTO_INCREMENT, AUTO_INCREMENT=6;

--
-- AUTO_INCREMENT for table `failed_jobs`
--
ALTER TABLE `failed_jobs`
  MODIFY `id` bigint(20) UNSIGNED NOT NULL AUTO_INCREMENT;

--
-- AUTO_INCREMENT for table `hourly_usage`
--
ALTER TABLE `hourly_usage`
  MODIFY `id` bigint(20) UNSIGNED NOT NULL AUTO_INCREMENT, AUTO_INCREMENT=118;

--
-- AUTO_INCREMENT for table `jobs`
--
ALTER TABLE `jobs`
  MODIFY `id` bigint(20) UNSIGNED NOT NULL AUTO_INCREMENT;

--
-- AUTO_INCREMENT for table `migrations`
--
ALTER TABLE `migrations`
  MODIFY `id` int(10) UNSIGNED NOT NULL AUTO_INCREMENT, AUTO_INCREMENT=16;

--
-- AUTO_INCREMENT for table `monthly_usage`
--
ALTER TABLE `monthly_usage`
  MODIFY `id` bigint(20) UNSIGNED NOT NULL AUTO_INCREMENT, AUTO_INCREMENT=76;

--
-- AUTO_INCREMENT for table `personal_access_tokens`
--
ALTER TABLE `personal_access_tokens`
  MODIFY `id` bigint(20) UNSIGNED NOT NULL AUTO_INCREMENT;

--
-- AUTO_INCREMENT for table `recommendations`
--
ALTER TABLE `recommendations`
  MODIFY `id` bigint(20) UNSIGNED NOT NULL AUTO_INCREMENT, AUTO_INCREMENT=7;

--
-- AUTO_INCREMENT for table `tariff_rates`
--
ALTER TABLE `tariff_rates`
  MODIFY `id` bigint(20) UNSIGNED NOT NULL AUTO_INCREMENT, AUTO_INCREMENT=21;

--
-- AUTO_INCREMENT for table `users`
--
ALTER TABLE `users`
  MODIFY `id` bigint(20) UNSIGNED NOT NULL AUTO_INCREMENT, AUTO_INCREMENT=31;

--
-- AUTO_INCREMENT for table `weekly_usage`
--
ALTER TABLE `weekly_usage`
  MODIFY `id` bigint(20) UNSIGNED NOT NULL AUTO_INCREMENT, AUTO_INCREMENT=152;

--
-- Constraints for dumped tables
--

--
-- Constraints for table `alerts`
--
ALTER TABLE `alerts`
  ADD CONSTRAINT `alerts_device_id_foreign` FOREIGN KEY (`device_id`) REFERENCES `devices` (`id`) ON DELETE SET NULL,
  ADD CONSTRAINT `alerts_ibfk_1` FOREIGN KEY (`user_id`) REFERENCES `users` (`id`),
  ADD CONSTRAINT `alerts_user_id_foreign` FOREIGN KEY (`user_id`) REFERENCES `users` (`id`) ON DELETE CASCADE;

--
-- Constraints for table `appliances`
--
ALTER TABLE `appliances`
  ADD CONSTRAINT `appliances_device_id_foreign` FOREIGN KEY (`device_id`) REFERENCES `devices` (`id`) ON DELETE SET NULL,
  ADD CONSTRAINT `appliances_user_id_foreign` FOREIGN KEY (`user_id`) REFERENCES `users` (`id`) ON DELETE CASCADE;

--
-- Constraints for table `daily_usage`
--
ALTER TABLE `daily_usage`
  ADD CONSTRAINT `daily_usage_ibfk_1` FOREIGN KEY (`user_id`) REFERENCES `users` (`id`),
  ADD CONSTRAINT `daily_usage_user_id_foreign` FOREIGN KEY (`user_id`) REFERENCES `users` (`id`) ON DELETE CASCADE;

--
-- Constraints for table `devices`
--
ALTER TABLE `devices`
  ADD CONSTRAINT `devices_ibfk_1` FOREIGN KEY (`user_id`) REFERENCES `users` (`id`),
  ADD CONSTRAINT `devices_ibfk_2` FOREIGN KEY (`user_id`) REFERENCES `users` (`id`),
  ADD CONSTRAINT `devices_ibfk_3` FOREIGN KEY (`user_id`) REFERENCES `users` (`id`),
  ADD CONSTRAINT `devices_user_id_foreign` FOREIGN KEY (`user_id`) REFERENCES `users` (`id`) ON DELETE CASCADE;

--
-- Constraints for table `device_logs`
--
ALTER TABLE `device_logs`
  ADD CONSTRAINT `device_logs_device_id_foreign` FOREIGN KEY (`device_id`) REFERENCES `devices` (`id`) ON DELETE CASCADE;

--
-- Constraints for table `device_readings`
--
ALTER TABLE `device_readings`
  ADD CONSTRAINT `device_readings_device_id_foreign` FOREIGN KEY (`device_id`) REFERENCES `devices` (`id`) ON DELETE CASCADE;

--
-- Constraints for table `energy_reductions`
--
ALTER TABLE `energy_reductions`
  ADD CONSTRAINT `energy_reductions_user_id_foreign` FOREIGN KEY (`user_id`) REFERENCES `users` (`id`) ON DELETE CASCADE;

--
-- Constraints for table `energy_savings`
--
ALTER TABLE `energy_savings`
  ADD CONSTRAINT `energy_savings_user_id_foreign` FOREIGN KEY (`user_id`) REFERENCES `users` (`id`) ON DELETE CASCADE;

--
-- Constraints for table `energy_targets`
--
ALTER TABLE `energy_targets`
  ADD CONSTRAINT `energy_targets_user_id_foreign` FOREIGN KEY (`user_id`) REFERENCES `users` (`id`) ON DELETE CASCADE;

--
-- Constraints for table `hourly_usage`
--
ALTER TABLE `hourly_usage`
  ADD CONSTRAINT `hourly_usage_user_id_foreign` FOREIGN KEY (`user_id`) REFERENCES `users` (`id`) ON DELETE CASCADE;

--
-- Constraints for table `monthly_usage`
--
ALTER TABLE `monthly_usage`
  ADD CONSTRAINT `monthly_usage_user_id_foreign` FOREIGN KEY (`user_id`) REFERENCES `users` (`id`) ON DELETE CASCADE;

--
-- Constraints for table `recommendations`
--
ALTER TABLE `recommendations`
  ADD CONSTRAINT `recommendations_user_id_foreign` FOREIGN KEY (`user_id`) REFERENCES `users` (`id`) ON DELETE CASCADE;

--
-- Constraints for table `weekly_usage`
--
ALTER TABLE `weekly_usage`
  ADD CONSTRAINT `weekly_usage_user_id_foreign` FOREIGN KEY (`user_id`) REFERENCES `users` (`id`) ON DELETE CASCADE;
COMMIT;

/*!40101 SET CHARACTER_SET_CLIENT=@OLD_CHARACTER_SET_CLIENT */;
/*!40101 SET CHARACTER_SET_RESULTS=@OLD_CHARACTER_SET_RESULTS */;
/*!40101 SET COLLATION_CONNECTION=@OLD_COLLATION_CONNECTION */;
